content,url,source,catch_time
['总书记谈耕地保护'],['https://m.weibo.cn/search?containerid=100103type%3D1%26q%3D%25E6%2580%25BB%25E4%25B9%25A6%25E8%25AE%25B0%25E8%25B0%2588%25E8%2580%2595%25E5%259C%25B0%25E4%25BF%259D%25E6%258A%25A4'],['微博'],['2025-06-27 10-52']
['警方证实网红小四爷被带走'],['https://m.weibo.cn/search?containerid=100103type%3D1%26q%3D%25E8%25AD%25A6%25E6%2596%25B9%25E8%25AF%2581%25E5%25AE%259E%25E7%25BD%2591%25E7%25BA%25A2%25E5%25B0%258F%25E5%259B%259B%25E7%2588%25B7%25E8%25A2%25AB%25E5%25B8%25A6%25E8%25B5%25B0'],['微博'],['2025-06-27 10-52']
['小米股票'],['https://m.weibo.cn/search?containerid=100103type%3D1%26q%3D%25E5%25B0%258F%25E7%25B1%25B3%25E8%2582%25A1%25E7%25A5%25A8'],['微博'],['2025-06-27 10-52']
['活力中国调研行'],['https://m.weibo.cn/search?containerid=100103type%3D1%26q%3D%25E6%25B4%25BB%25E5%258A%259B%25E4%25B8%25AD%25E5%259B%25BD%25E8%25B0%2583%25E7%25A0%2594%25E8%25A1%258C'],['微博'],['2025-06-27 10-52']
['小米YU7首发评测'],['https://m.weibo.cn/search?containerid=100103type%3D1%26q%3D%25E5%25B0%258F%25E7%25B1%25B3YU7%25E9%25A6%2596%25E5%258F%2591%25E8%25AF%2584%25E6%25B5%258B'],['微博'],['2025-06-27 10-52']
['于正删除书卷一梦宣传博'],['https://m.weibo.cn/search?containerid=100103type%3D1%26q%3D%25E4%25BA%258E%25E6%25AD%25A3%25E5%2588%25A0%25E9%2599%25A4%25E4%25B9%25A6%25E5%258D%25B7%25E4%25B8%2580%25E6%25A2%25A6%25E5%25AE%25A3%25E4%25BC%25A0%25E5%258D%259A'],['微博'],['2025-06-27 10-52']
['尹锡悦每天去医院照顾金建希'],['https://m.weibo.cn/search?containerid=100103type%3D1%26q%3D%25E5%25B0%25B9%25E9%2594%25A1%25E6%2582%25A6%25E6%25AF%258F%25E5%25A4%25A9%25E5%258E%25BB%25E5%258C%25BB%25E9%2599%25A2%25E7%2585%25A7%25E9%25A1%25BE%25E9%2587%2591%25E5%25BB%25BA%25E5%25B8%258C'],['微博'],['2025-06-27 10-52']
['小米汽车'],['https://m.weibo.cn/search?containerid=100103type%3D1%26q%3D%25E5%25B0%258F%25E7%25B1%25B3%25E6%25B1%25BD%25E8%25BD%25A6'],['微博'],['2025-06-27 10-52']
['AI Open Day'],['https://m.weibo.cn/search?containerid=100103type%3D1%26q%3DAI%2BOpen%2BDay'],['微博'],['2025-06-27 10-52']
['加沙15岁少年饿到只剩18公斤'],['https://m.weibo.cn/search?containerid=100103type%3D1%26q%3D%25E5%258A%25A0%25E6%25B2%259915%25E5%25B2%2581%25E5%25B0%2591%25E5%25B9%25B4%25E9%25A5%25BF%25E5%2588%25B0%25E5%258F%25AA%25E5%2589%25A918%25E5%2585%25AC%25E6%2596%25A4'],['微博'],['2025-06-27 10-52']
['表决通过新修订的治安管理处罚法'],['https://m.weibo.cn/search?containerid=100103type%3D1%26q%3D%25E8%25A1%25A8%25E5%2586%25B3%25E9%2580%259A%25E8%25BF%2587%25E6%2596%25B0%25E4%25BF%25AE%25E8%25AE%25A2%25E7%259A%2584%25E6%25B2%25BB%25E5%25AE%2589%25E7%25AE%25A1%25E7%2590%2586%25E5%25A4%2584%25E7%25BD%259A%25E6%25B3%2595'],['微博'],['2025-06-27 10-52']
['刘亦菲宋佳杨紫等入围白玉兰最佳女主'],['https://m.weibo.cn/search?containerid=100103type%3D1%26q%3D%25E5%2588%2598%25E4%25BA%25A6%25E8%258F%25B2%25E5%25AE%258B%25E4%25BD%25B3%25E6%259D%25A8%25E7%25B4%25AB%25E7%25AD%2589%25E5%2585%25A5%25E5%259B%25B4%25E7%2599%25BD%25E7%258E%2589%25E5%2585%25B0%25E6%259C%2580%25E4%25BD%25B3%25E5%25A5%25B3%25E4%25B8%25BB'],['微博'],['2025-06-27 10-52']
['高校回应学生组团搭帐篷避暑'],['https://m.weibo.cn/search?containerid=100103type%3D1%26q%3D%25E9%25AB%2598%25E6%25A0%25A1%25E5%259B%259E%25E5%25BA%2594%25E5%25AD%25A6%25E7%2594%259F%25E7%25BB%2584%25E5%259B%25A2%25E6%2590%25AD%25E5%25B8%2590%25E7%25AF%25B7%25E9%2581%25BF%25E6%259A%2591'],['微博'],['2025-06-27 10-52']
['梓渝 丁禹兮'],['https://m.weibo.cn/search?containerid=100103type%3D1%26q%3D%25E6%25A2%2593%25E6%25B8%259D%2B%25E4%25B8%2581%25E7%25A6%25B9%25E5%2585%25AE'],['微博'],['2025-06-27 10-52']
['卢昱晓好直观的瘦'],['https://m.weibo.cn/search?containerid=100103type%3D1%26q%3D%25E5%258D%25A2%25E6%2598%25B1%25E6%2599%2593%25E5%25A5%25BD%25E7%259B%25B4%25E8%25A7%2582%25E7%259A%2584%25E7%2598%25A6'],['微博'],['2025-06-27 10-52']
['原来没散光是这样的'],['https://m.weibo.cn/search?containerid=100103type%3D1%26q%3D%25E5%258E%259F%25E6%259D%25A5%25E6%25B2%25A1%25E6%2595%25A3%25E5%2585%2589%25E6%2598%25AF%25E8%25BF%2599%25E6%25A0%25B7%25E7%259A%2584'],['微博'],['2025-06-27 10-52']
['图书馆三十秒'],['https://m.weibo.cn/search?containerid=100103type%3D1%26q%3D%25E5%259B%25BE%25E4%25B9%25A6%25E9%25A6%2586%25E4%25B8%2589%25E5%258D%2581%25E7%25A7%2592'],['微博'],['2025-06-27 10-52']
['伊朗浓缩铀到底去哪了'],['https://m.weibo.cn/search?containerid=100103type%3D1%26q%3D%25E4%25BC%258A%25E6%259C%2597%25E6%25B5%2593%25E7%25BC%25A9%25E9%2593%2580%25E5%2588%25B0%25E5%25BA%2595%25E5%258E%25BB%25E5%2593%25AA%25E4%25BA%2586'],['微博'],['2025-06-27 10-52']
['女孩哭诉从一年级被父亲藏匿7年'],['https://m.weibo.cn/search?containerid=100103type%3D1%26q%3D%25E5%25A5%25B3%25E5%25AD%25A9%25E5%2593%25AD%25E8%25AF%2589%25E4%25BB%258E%25E4%25B8%2580%25E5%25B9%25B4%25E7%25BA%25A7%25E8%25A2%25AB%25E7%2588%25B6%25E4%25BA%25B2%25E8%2597%258F%25E5%258C%25BF7%25E5%25B9%25B4'],['微博'],['2025-06-27 10-52']
['鹿晗首个百万想看90后歌手'],['https://m.weibo.cn/search?containerid=100103type%3D1%26q%3D%25E9%25B9%25BF%25E6%2599%2597%25E9%25A6%2596%25E4%25B8%25AA%25E7%2599%25BE%25E4%25B8%2587%25E6%2583%25B3%25E7%259C%258B90%25E5%2590%258E%25E6%25AD%258C%25E6%2589%258B'],['微博'],['2025-06-27 10-52']
['鱿鱼游戏第三季'],['https://m.weibo.cn/search?containerid=100103type%3D1%26q%3D%25E9%25B1%25BF%25E9%25B1%25BC%25E6%25B8%25B8%25E6%2588%258F%25E7%25AC%25AC%25E4%25B8%2589%25E5%25AD%25A3'],['微博'],['2025-06-27 10-52']
['QQ音乐上线泡泡'],['https://m.weibo.cn/search?containerid=100103type%3D1%26q%3DQQ%25E9%259F%25B3%25E4%25B9%2590%25E4%25B8%258A%25E7%25BA%25BF%25E6%25B3%25A1%25E6%25B3%25A1'],['微博'],['2025-06-27 10-52']
['生父协助继母喂食1600片泻药虐女'],['https://m.weibo.cn/search?containerid=100103type%3D1%26q%3D%25E7%2594%259F%25E7%2588%25B6%25E5%258D%258F%25E5%258A%25A9%25E7%25BB%25A7%25E6%25AF%258D%25E5%2596%2582%25E9%25A3%259F1600%25E7%2589%2587%25E6%25B3%25BB%25E8%258D%25AF%25E8%2599%2590%25E5%25A5%25B3'],['微博'],['2025-06-27 10-52']
['女生发现KTV不适标语勇敢举报'],['https://m.weibo.cn/search?containerid=100103type%3D1%26q%3D%25E5%25A5%25B3%25E7%2594%259F%25E5%258F%2591%25E7%258E%25B0KTV%25E4%25B8%258D%25E9%2580%2582%25E6%25A0%2587%25E8%25AF%25AD%25E5%258B%2587%25E6%2595%25A2%25E4%25B8%25BE%25E6%258A%25A5'],['微博'],['2025-06-27 10-52']
['退58.9万捐款妈妈回应儿子高考647分'],['https://m.weibo.cn/search?containerid=100103type%3D1%26q%3D%25E9%2580%258058.9%25E4%25B8%2587%25E6%258D%2590%25E6%25AC%25BE%25E5%25A6%2588%25E5%25A6%2588%25E5%259B%259E%25E5%25BA%2594%25E5%2584%25BF%25E5%25AD%2590%25E9%25AB%2598%25E8%2580%2583647%25E5%2588%2586'],['微博'],['2025-06-27 10-52']
['加沙民众成批死去只为一块面包'],['https://m.weibo.cn/search?containerid=100103type%3D1%26q%3D%25E5%258A%25A0%25E6%25B2%2599%25E6%25B0%2591%25E4%25BC%2597%25E6%2588%2590%25E6%2589%25B9%25E6%25AD%25BB%25E5%258E%25BB%25E5%258F%25AA%25E4%25B8%25BA%25E4%25B8%2580%25E5%259D%2597%25E9%259D%25A2%25E5%258C%2585'],['微博'],['2025-06-27 10-52']
['黄子韬徐艺洋 巧克力水蜜桃'],['https://m.weibo.cn/search?containerid=100103type%3D1%26q%3D%25E9%25BB%2584%25E5%25AD%2590%25E9%259F%25AC%25E5%25BE%2590%25E8%2589%25BA%25E6%25B4%258B%2B%25E5%25B7%25A7%25E5%2585%258B%25E5%258A%259B%25E6%25B0%25B4%25E8%259C%259C%25E6%25A1%2583'],['微博'],['2025-06-27 10-52']
['东方明珠电视塔玻璃疑因高温爆裂'],['https://m.weibo.cn/search?containerid=100103type%3D1%26q%3D%25E4%25B8%259C%25E6%2596%25B9%25E6%2598%258E%25E7%258F%25A0%25E7%2594%25B5%25E8%25A7%2586%25E5%25A1%2594%25E7%258E%25BB%25E7%2592%2583%25E7%2596%2591%25E5%259B%25A0%25E9%25AB%2598%25E6%25B8%25A9%25E7%2588%2586%25E8%25A3%2582'],['微博'],['2025-06-27 10-52']
['以色列被曝拥有90枚核弹头'],['https://m.weibo.cn/search?containerid=100103type%3D1%26q%3D%25E4%25BB%25A5%25E8%2589%25B2%25E5%2588%2597%25E8%25A2%25AB%25E6%259B%259D%25E6%258B%25A5%25E6%259C%258990%25E6%259E%259A%25E6%25A0%25B8%25E5%25BC%25B9%25E5%25A4%25B4'],['微博'],['2025-06-27 10-52']
['李一桐穿越史上第一个滚筒式穿越'],['https://m.weibo.cn/search?containerid=100103type%3D1%26q%3D%25E6%259D%258E%25E4%25B8%2580%25E6%25A1%2590%25E7%25A9%25BF%25E8%25B6%258A%25E5%258F%25B2%25E4%25B8%258A%25E7%25AC%25AC%25E4%25B8%2580%25E4%25B8%25AA%25E6%25BB%259A%25E7%25AD%2592%25E5%25BC%258F%25E7%25A9%25BF%25E8%25B6%258A'],['微博'],['2025-06-27 10-52']
['书卷一梦首播冲顶热度总榜'],['https://m.weibo.cn/search?containerid=100103type%3D1%26q%3D%25E4%25B9%25A6%25E5%258D%25B7%25E4%25B8%2580%25E6%25A2%25A6%25E9%25A6%2596%25E6%2592%25AD%25E5%2586%25B2%25E9%25A1%25B6%25E7%2583%25AD%25E5%25BA%25A6%25E6%2580%25BB%25E6%25A6%259C'],['微博'],['2025-06-27 10-52']
['超模胡兵的高能24小时'],['https://m.weibo.cn/search?containerid=100103type%3D1%26q%3D%25E8%25B6%2585%25E6%25A8%25A1%25E8%2583%25A1%25E5%2585%25B5%25E7%259A%2584%25E9%25AB%2598%25E8%2583%25BD24%25E5%25B0%258F%25E6%2597%25B6'],['微博'],['2025-06-27 10-52']
['父亲藏匿女儿7年称母亲是坏人'],['https://m.weibo.cn/search?containerid=100103type%3D1%26q%3D%25E7%2588%25B6%25E4%25BA%25B2%25E8%2597%258F%25E5%258C%25BF%25E5%25A5%25B3%25E5%2584%25BF7%25E5%25B9%25B4%25E7%25A7%25B0%25E6%25AF%258D%25E4%25BA%25B2%25E6%2598%25AF%25E5%259D%258F%25E4%25BA%25BA'],['微博'],['2025-06-27 10-52']
['哈尔滨高温高校学生回应在楼道睡觉'],['https://m.weibo.cn/search?containerid=100103type%3D1%26q%3D%25E5%2593%2588%25E5%25B0%2594%25E6%25BB%25A8%25E9%25AB%2598%25E6%25B8%25A9%25E9%25AB%2598%25E6%25A0%25A1%25E5%25AD%25A6%25E7%2594%259F%25E5%259B%259E%25E5%25BA%2594%25E5%259C%25A8%25E6%25A5%25BC%25E9%2581%2593%25E7%259D%25A1%25E8%25A7%2589'],['微博'],['2025-06-27 10-52']
['广东696分考生笑称北大晚了一点'],['https://m.weibo.cn/search?containerid=100103type%3D1%26q%3D%25E5%25B9%25BF%25E4%25B8%259C696%25E5%2588%2586%25E8%2580%2583%25E7%2594%259F%25E7%25AC%2591%25E7%25A7%25B0%25E5%258C%2597%25E5%25A4%25A7%25E6%2599%259A%25E4%25BA%2586%25E4%25B8%2580%25E7%2582%25B9'],['微博'],['2025-06-27 10-52']
['白玉兰提名的压迫感'],['https://m.weibo.cn/search?containerid=100103type%3D1%26q%3D%25E7%2599%25BD%25E7%258E%2589%25E5%2585%25B0%25E6%258F%2590%25E5%2590%258D%25E7%259A%2584%25E5%258E%258B%25E8%25BF%25AB%25E6%2584%259F'],['微博'],['2025-06-27 10-52']
['以为会变胖其实很减肥的习惯'],['https://m.weibo.cn/search?containerid=100103type%3D1%26q%3D%25E4%25BB%25A5%25E4%25B8%25BA%25E4%25BC%259A%25E5%258F%2598%25E8%2583%2596%25E5%2585%25B6%25E5%25AE%259E%25E5%25BE%2588%25E5%2587%258F%25E8%2582%25A5%25E7%259A%2584%25E4%25B9%25A0%25E6%2583%25AF'],['微博'],['2025-06-27 10-52']
['中国人团结再一次具象化了'],['https://m.weibo.cn/search?containerid=100103type%3D1%26q%3D%25E4%25B8%25AD%25E5%259B%25BD%25E4%25BA%25BA%25E5%259B%25A2%25E7%25BB%2593%25E5%2586%258D%25E4%25B8%2580%25E6%25AC%25A1%25E5%2585%25B7%25E8%25B1%25A1%25E5%258C%2596%25E4%25BA%2586'],['微博'],['2025-06-27 10-52']
['充电宝 召回'],['https://m.weibo.cn/search?containerid=100103type%3D1%26q%3D%25E5%2585%2585%25E7%2594%25B5%25E5%25AE%259D%2B%25E5%258F%25AC%25E5%259B%259E'],['微博'],['2025-06-27 10-52']
['下雨导致小猫发霉'],['https://m.weibo.cn/search?containerid=100103type%3D1%26q%3D%25E4%25B8%258B%25E9%259B%25A8%25E5%25AF%25BC%25E8%2587%25B4%25E5%25B0%258F%25E7%258C%25AB%25E5%258F%2591%25E9%259C%2589'],['微博'],['2025-06-27 10-52']
['搬家师傅穿外骨骼一口气爬10层'],['https://m.weibo.cn/search?containerid=100103type%3D1%26q%3D%25E6%2590%25AC%25E5%25AE%25B6%25E5%25B8%2588%25E5%2582%2585%25E7%25A9%25BF%25E5%25A4%2596%25E9%25AA%25A8%25E9%25AA%25BC%25E4%25B8%2580%25E5%258F%25A3%25E6%25B0%2594%25E7%2588%25AC10%25E5%25B1%2582'],['微博'],['2025-06-27 10-52']
['怎么吃肉减肥才能事半功倍'],['https://m.weibo.cn/search?containerid=100103type%3D1%26q%3D%25E6%2580%258E%25E4%25B9%2588%25E5%2590%2583%25E8%2582%2589%25E5%2587%258F%25E8%2582%25A5%25E6%2589%258D%25E8%2583%25BD%25E4%25BA%258B%25E5%258D%258A%25E5%258A%259F%25E5%2580%258D'],['微博'],['2025-06-27 10-52']
['打工人压力有多大'],['https://m.weibo.cn/search?containerid=100103type%3D1%26q%3D%25E6%2589%2593%25E5%25B7%25A5%25E4%25BA%25BA%25E5%258E%258B%25E5%258A%259B%25E6%259C%2589%25E5%25A4%259A%25E5%25A4%25A7'],['微博'],['2025-06-27 10-52']
['11岁男童160斤睡觉时反复呼吸暂停'],['https://m.weibo.cn/search?containerid=100103type%3D1%26q%3D11%25E5%25B2%2581%25E7%2594%25B7%25E7%25AB%25A5160%25E6%2596%25A4%25E7%259D%25A1%25E8%25A7%2589%25E6%2597%25B6%25E5%258F%258D%25E5%25A4%258D%25E5%2591%25BC%25E5%2590%25B8%25E6%259A%2582%25E5%2581%259C'],['微博'],['2025-06-27 10-52']
['虞书欣的腰'],['https://m.weibo.cn/search?containerid=100103type%3D1%26q%3D%25E8%2599%259E%25E4%25B9%25A6%25E6%25AC%25A3%25E7%259A%2584%25E8%2585%25B0'],['微博'],['2025-06-27 10-52']
['男生高中3年没手机考698称很感恩'],['https://m.weibo.cn/search?containerid=100103type%3D1%26q%3D%25E7%2594%25B7%25E7%2594%259F%25E9%25AB%2598%25E4%25B8%25AD3%25E5%25B9%25B4%25E6%25B2%25A1%25E6%2589%258B%25E6%259C%25BA%25E8%2580%2583698%25E7%25A7%25B0%25E5%25BE%2588%25E6%2584%259F%25E6%2581%25A9'],['微博'],['2025-06-27 10-52']
['井柏然刘雯被当面追问婚讯'],['https://m.weibo.cn/search?containerid=100103type%3D1%26q%3D%25E4%25BA%2595%25E6%259F%258F%25E7%2584%25B6%25E5%2588%2598%25E9%259B%25AF%25E8%25A2%25AB%25E5%25BD%2593%25E9%259D%25A2%25E8%25BF%25BD%25E9%2597%25AE%25E5%25A9%259A%25E8%25AE%25AF'],['微博'],['2025-06-27 10-52']
['王嘉尔说再休假事业都要没了'],['https://m.weibo.cn/search?containerid=100103type%3D1%26q%3D%25E7%258E%258B%25E5%2598%2589%25E5%25B0%2594%25E8%25AF%25B4%25E5%2586%258D%25E4%25BC%2591%25E5%2581%2587%25E4%25BA%258B%25E4%25B8%259A%25E9%2583%25BD%25E8%25A6%2581%25E6%25B2%25A1%25E4%25BA%2586'],['微博'],['2025-06-27 10-52']
['马勇老师 我的神'],['https://m.weibo.cn/search?containerid=100103type%3D1%26q%3D%25E9%25A9%25AC%25E5%258B%2587%25E8%2580%2581%25E5%25B8%2588%2B%25E6%2588%2591%25E7%259A%2584%25E7%25A5%259E'],['微博'],['2025-06-27 10-52']
['世俱杯惊现逆天乌龙球'],['https://m.weibo.cn/search?containerid=100103type%3D1%26q%3D%25E4%25B8%2596%25E4%25BF%25B1%25E6%259D%25AF%25E6%2583%258A%25E7%258E%25B0%25E9%2580%2586%25E5%25A4%25A9%25E4%25B9%258C%25E9%25BE%2599%25E7%2590%2583'],['微博'],['2025-06-27 10-52']
['中国记者遭乌无人机袭击受伤'],['https://m.weibo.cn/search?containerid=100103type%3D1%26q%3D%25E4%25B8%25AD%25E5%259B%25BD%25E8%25AE%25B0%25E8%2580%2585%25E9%2581%25AD%25E4%25B9%258C%25E6%2597%25A0%25E4%25BA%25BA%25E6%259C%25BA%25E8%25A2%25AD%25E5%2587%25BB%25E5%258F%2597%25E4%25BC%25A4'],['微博'],['2025-06-27 10-52']
['哈尔滨一高校学生楼道乘凉睡觉'],['https://m.weibo.cn/search?containerid=100103type%3D1%26q%3D%25E5%2593%2588%25E5%25B0%2594%25E6%25BB%25A8%25E4%25B8%2580%25E9%25AB%2598%25E6%25A0%25A1%25E5%25AD%25A6%25E7%2594%259F%25E6%25A5%25BC%25E9%2581%2593%25E4%25B9%2598%25E5%2587%2589%25E7%259D%25A1%25E8%25A7%2589'],['微博'],['2025-06-27 10-52']
['充电宝 机场安检'],['https://m.weibo.cn/search?containerid=100103type%3D1%26q%3D%25E5%2585%2585%25E7%2594%25B5%25E5%25AE%259D%2B%25E6%259C%25BA%25E5%259C%25BA%25E5%25AE%2589%25E6%25A3%2580'],['微博'],['2025-06-27 10-52']
['小米首款 SUV YU7 发布，有九种配色，25.35 万元起售，该车市场竞争力如何？你会买吗？'],['https://www.zhihu.com/question/1921683853203956015'],['知乎'],['2025-06-27 10-52']
['「救助百名弃婴的道禄和尚」涉嫌诈骗被警方采取刑事强制措施，涉案金额或达千万以上，他将承担哪些法律责任？'],['https://www.zhihu.com/question/1921141421282407762'],['知乎'],['2025-06-27 10-52']
['我国自主研发新一代 CPU 龙芯 3C6000 发布，不依赖国外授权技术和境外供应链，有何技术亮点？'],['https://www.zhihu.com/question/1921601229571747890'],['知乎'],['2025-06-27 10-52']
['媒体曝光有学生吸食打火机气体成瘾，打火机气体中有哪些成分？吸食会对身体有怎样的伤害？'],['https://www.zhihu.com/question/1921546286026416232'],['知乎'],['2025-06-27 10-52']
['未来可能取消港澳通行证，刷身份证直接去港澳吗？'],['https://www.zhihu.com/question/660748307'],['知乎'],['2025-06-27 10-52']
['毛乌素沙漠是全球首个即将消失的沙漠，从荒漠到绿洲中国做了哪些工作？对当地生态有哪些影响？'],['https://www.zhihu.com/question/1921118772934178294'],['知乎'],['2025-06-27 10-52']
['小米 YU7 发布会，有哪些大说特说的点其实是行业基操？'],['https://www.zhihu.com/question/1921687694624383317'],['知乎'],['2025-06-27 10-52']
['稳定币第一股狂飙 675%，稳定币绝对稳定吗？市场对它有哪些误区？'],['https://www.zhihu.com/question/1920426283822736717'],['知乎'],['2025-06-27 10-52']
['如何评价《一人之下》722（765）话？'],['https://www.zhihu.com/question/1921730035984892651'],['知乎'],['2025-06-27 10-52']
['如何看待小米 YU7 3 分钟大定突破 20 万辆，锁单 12.2 万辆？小米汽车做对了什么？'],['https://www.zhihu.com/question/1921692444149375110'],['知乎'],['2025-06-27 10-52']
['同事突然被优化了，主管把她的工作几乎全给了我，请问面对这种情况，该怎么办？或者以何种心态面对？'],['https://www.zhihu.com/question/1893378744414103136'],['知乎'],['2025-06-27 10-52']
['哈尔滨高温大学生楼道睡觉，学生称体感温度 37 、 38℃，东北学校该不该装空调？未来东北高温天会更多吗？'],['https://www.zhihu.com/question/1921855977000494989'],['知乎'],['2025-06-27 10-52']
['小米 AI 眼镜发布，售价 1999 元起，有哪些功能亮点？你看好其市场前景吗？'],['https://www.zhihu.com/question/1921648095428568614'],['知乎'],['2025-06-27 10-52']
['《大明王朝 1566》中谭纶去浙江的意义是什么，为什么胡宗宪说他本不该来？'],['https://www.zhihu.com/question/1918167721738241363'],['知乎'],['2025-06-27 10-52']
['小米 YU7 3 分钟大定突破 20 万台，产能是否能跟上？用户大概多久能拿到车？'],['https://www.zhihu.com/question/1921695056114455326'],['知乎'],['2025-06-27 10-52']
['86 版西游记的女演员里，你觉得哪些特别漂亮？'],['https://www.zhihu.com/question/461504280'],['知乎'],['2025-06-27 10-52']
['日本首次在本土试射「远程导弹」，射程达 180 公里，这意味着什么？其远程导弹威力怎么样？'],['https://www.zhihu.com/question/1921494102358324582'],['知乎'],['2025-06-27 10-52']
['意乙、德乙、法乙联赛的水平，是不是远高于中超联赛？'],['https://www.zhihu.com/question/1913984512058172701'],['知乎'],['2025-06-27 10-52']
['假如诸葛亮不痴迷北伐，全力退守，大力发展农业商业经济，军事做好布防，蜀国的气运能不能多延续几年?'],['https://www.zhihu.com/question/1919312865917122534'],['知乎'],['2025-06-27 10-52']
['特朗普上任不到半年美元贬值近 11%，创 3 年新低，特朗普称正考虑提前提名下任美联储主席，如何解读？'],['https://www.zhihu.com/question/1921596428926576012'],['知乎'],['2025-06-27 10-52']
['你眼中的内蒙古是怎样的？'],['https://www.zhihu.com/question/20286099'],['知乎'],['2025-06-27 10-52']
['为什么很多观众在观看《福五鼠》系列动画的时候，会希望猫军能赢一次？'],['https://www.zhihu.com/question/411672438'],['知乎'],['2025-06-27 10-52']
['考上公务员后，却发现不是自己想要的生活，该辞职吗？'],['https://www.zhihu.com/question/10515233077'],['知乎'],['2025-06-27 10-52']
['如何接触英语环境？'],['https://www.zhihu.com/question/1920263549109933835'],['知乎'],['2025-06-27 10-52']
['为什么拥有 1.7 亿人口的尼日利亚几乎毫无存在感？'],['https://www.zhihu.com/question/276007289'],['知乎'],['2025-06-27 10-52']
['如何判断一家公司是否是好公司呢？'],['https://www.zhihu.com/question/617191681'],['知乎'],['2025-06-27 10-52']
['警种这么多，为什么只有缉毒警察需要打码消音全方位保护，其他警种的人不用？'],['https://www.zhihu.com/question/661434942'],['知乎'],['2025-06-27 10-52']
['既然郭靖是内功奇才，为什么 40 来岁才和九层龙象持平，而杨过 36 岁就能打赢十层龙象?'],['https://www.zhihu.com/question/1919293551847650857'],['知乎'],['2025-06-27 10-52']
['我是办公室主任，外地的商人朋友向我打听领导的具体家庭住址，怎么处理才好？'],['https://www.zhihu.com/question/1921161713140622467'],['知乎'],['2025-06-27 10-52']
['美国为什么热衷于开着飞机去敌人头顶扔炸弹？'],['https://www.zhihu.com/question/1920271278427845666'],['知乎'],['2025-06-27 10-52']
['30 年过去了，美国没有比 B2 更强的轰炸机了么？'],['https://www.zhihu.com/question/1920520178900402364'],['知乎'],['2025-06-27 10-52']
['为什么说纯铜是紫色的，可是我看上去更像纸箱子的颜色啊，是否我自己有色盲呢?'],['https://www.zhihu.com/question/1893271043633828562'],['知乎'],['2025-06-27 10-52']
['火炮口径 152 毫米和 155 毫米就差了 3 毫米，有啥本质性区别吗？'],['https://www.zhihu.com/question/1917042083383977095'],['知乎'],['2025-06-27 10-52']
['小区车位 10 万一个，租的话一个月 300 元，还有必要买车位吗？'],['https://www.zhihu.com/question/569332389'],['知乎'],['2025-06-27 10-52']
['英国登山队靠人均 124 万元的氙气疗法，无高反四天登顶珠峰，该方法究竟是什么体验？背后有哪些争议？'],['https://www.zhihu.com/question/1921327776423707981'],['知乎'],['2025-06-27 10-52']
['如何评价二次元都市开放世界游戏《异环》二测的实机表现？'],['https://www.zhihu.com/question/1921510863568863620'],['知乎'],['2025-06-27 10-52']
['跳槽真能治愈「原生公司创伤」吗？还是职场版的「强迫性重复」？'],['https://www.zhihu.com/question/1921221866384749873'],['知乎'],['2025-06-27 10-52']
['现在既然全靠雷达了，为啥伊以炸来炸去都要在晚上？'],['https://www.zhihu.com/question/1920822911360566226'],['知乎'],['2025-06-27 10-52']
['《机动战士高达 GQuuuuuuX 》已经完结，如何评价其大结局？对第二季有什么展望？'],['https://www.zhihu.com/question/1921153445819319971'],['知乎'],['2025-06-27 10-52']
['如何评价国产像素武侠 RPG 游戏《逸剑风云决》的两个 DLC「碧海仙踪」和「武家旧事」 ？'],['https://www.zhihu.com/question/1918995988107981812'],['知乎'],['2025-06-27 10-52']
['如果发现孩子真的不是学习的料，你会怎么办？'],['https://www.zhihu.com/question/1903779664478048403'],['知乎'],['2025-06-27 10-52']
['为什么很多校园青春剧缺乏现实感？什么样的青春剧能够真的引发国内观众的共鸣？'],['https://www.zhihu.com/question/267395623'],['知乎'],['2025-06-27 10-52']
['如何评价《原神》全新常驻战斗活动「幽境危战」？'],['https://www.zhihu.com/question/1921161812163944561'],['知乎'],['2025-06-27 10-52']
['站在上帝视角，《长安的荔枝》中李善德的难题，都有哪些解决办法？'],['https://www.zhihu.com/question/1915062960973406535'],['知乎'],['2025-06-27 10-52']
['有没有发生一件事情，让你不吃某种食物了?'],['https://www.zhihu.com/question/581353406'],['知乎'],['2025-06-27 10-52']
['若将稳定币认定为货币，它属于哪个层次的货币？是广义货币 M2，还是现金类 MO ？'],['https://www.zhihu.com/question/1921505069838333709'],['知乎'],['2025-06-27 10-52']
['如何看待男生毕业典礼连线工地父亲「谢谢爸爸让我有机会踮脚看世界」？'],['https://www.zhihu.com/question/1920596487471064427'],['知乎'],['2025-06-27 10-52']
['为什么「内耗」会成为这一代人的集体症候？'],['https://www.zhihu.com/question/1920538801383651002'],['知乎'],['2025-06-27 10-52']
['高考结束后花上万毕业旅行有必要吗？家长应该支持这种昂贵的旅行花费吗？'],['https://www.zhihu.com/question/1921593345915975173'],['知乎'],['2025-06-27 10-52']
['工作中发生紧急情况，领导正在午睡，要不要叫醒他？'],['https://www.zhihu.com/question/1920047372022547896'],['知乎'],['2025-06-27 10-52']
['女子举报前公婆资产近1亿元涉嫌贪腐：举报一年没进展，期待尽快公布结果'],['https://mp.weixin.qq.com/s?__biz=MjM5OTM1NDU0MQ==&mid=2652685894&idx=2&sn=50cc9c82dce8cce7d08da88853fdedd5&chksm=bde08b3a05b8ce1af769c7813efeb32d2dd402a9d427d45ec3cb9f0eaa60fd9e77c1f06347c2&scene=0&xtrack=1#rd'],['微信'],['2025-06-27 10-52']
['2025最敢拍的纪录片：上职高有什么可羞耻的？'],['https://mp.weixin.qq.com/s?__biz=MTc5MTU3NTYyMQ==&mid=2651522661&idx=1&sn=6f2198e850efc2265503706c9cd1b28a&chksm=58ca63a77143dec27ac2d70fa824ce707cfdfc85e5d6cbd89befeed562ebd7f4a1d497fa08bf&scene=0&xtrack=1#rd'],['微信'],['2025-06-27 10-52']
['经常坐飞机的大人，一定很酷吧？'],['https://mp.weixin.qq.com/s?__biz=MTc5MTU3NTYyMQ==&mid=2651522776&idx=1&sn=16985afb38d561bbb518c0ab232999b5&chksm=588bab02ec19e22276aca01376a6494649f1081eb132bbf252690e8093ba909f43b046fcf156&scene=0&xtrack=1#rd'],['微信'],['2025-06-27 10-52']
['小米一口气发布39款新品，从69元到81.49万全都有，你最喜欢哪款？'],['https://mp.weixin.qq.com/s?__biz=MzI5NTY1MzA0Mw==&mid=2247492507&idx=1&sn=a4fb2b337c59c5ccca6099c7435c64c0&chksm=edf563db8b3418a7e9f1b3f6ef691077163780a7b163a5695ec9274687c2b438895ae4a7c764&scene=0&xtrack=1#rd'],['微信'],['2025-06-27 10-52']
['今年夏天“马蹄裤”又火了，比阔腿裤还时髦显瘦！'],['https://mp.weixin.qq.com/s?__biz=MzU4NjU3NDIzOQ==&mid=2247697260&idx=1&sn=c65be03efd35d18c2a4870830221f4cf&chksm=fc98327d4342ee6a2c8a780a54f3d6b8e00999ad09e2a0775aca82ac65ffe9183d49875d1f81&scene=0&xtrack=1#rd'],['微信'],['2025-06-27 10-52']
['\u200b\u200b脉动广告“霸座”公交站，网友怒喷：创意还是缺德？'],['https://mp.weixin.qq.com/s?__biz=MzA4MTg0ODU3Mw==&mid=2653457680&idx=1&sn=27337d28e7115d82ff41d5e32da941fd&chksm=855b0d8f356aaa5d335930c17349f6ebc3e1595779ab98a5bf90505aebd305fd8b209881167d&scene=0&xtrack=1#rd'],['微信'],['2025-06-27 10-52']
['25.35万！雷军又让车圈地震了'],['https://mp.weixin.qq.com/s?__biz=MzkwNzY0Njg0OQ==&mid=2247513903&idx=1&sn=f3cd6049b63f4c2823f41abe132b026b&chksm=c129c0ed35cad16e76d4ee9a03ae34b837f3c44da78c3eb56abc54fdf3cc227ec6757de91ca2&scene=0&xtrack=1#rd'],['微信'],['2025-06-27 10-52']
['碰一下，是支付宝对微信的一次精准反击'],['https://mp.weixin.qq.com/s?__biz=MjM5NjM5MjQ4MQ==&mid=2651771942&idx=1&sn=2ebd1029e442a3caf554b144fb418569&chksm=bcd82734fe5491b10492c19d50edb24f81cf7a35f55e94f3bc7c753798ae14ae506b1bd43142&scene=0&xtrack=1#rd'],['微信'],['2025-06-27 10-52']
['极简抽象头像丨33张'],['https://mp.weixin.qq.com/s?__biz=MzU4MjcxOTYzNw==&mid=2247491791&idx=1&sn=ba7f22af7270356b75912e4bd16cccb3&chksm=fc3a83b01cea0fd58d20db5afb13890cbc947c1afb8f194ae235733cda8e287d77c49bd9eab3&scene=0&xtrack=1#rd'],['微信'],['2025-06-27 10-52']
['高考288分全家欢呼！有人质疑“丢脸”，孩子妈妈：很开心，没必要比较……'],['https://mp.weixin.qq.com/s?__biz=MzI2OTMyOTE0OA==&mid=2247531041&idx=1&sn=354d9eccb26b9369f27591e29030ef9a&chksm=eb2c4a7f78c1164d42bd962f2a834f543dcbac188ee70c7ebfc7467d2362bd31a99c2bfac876&scene=0&xtrack=1#rd'],['微信'],['2025-06-27 10-52']
['一口下去全是糖油盐！这种坚果真的别再买了'],['https://mp.weixin.qq.com/s?__biz=MjA1ODMxMDQwMQ==&mid=2657980914&idx=2&sn=3d7736ef25f17c811fa864f1b5c49c83&chksm=487e0c9b1dc2ab65b0f9e6884023c5bffcd513c153b1018429bd8d9895a95ce02a95fdc42a4b&scene=0&xtrack=1#rd'],['微信'],['2025-06-27 10-52']
['夏天睡前最养人的1个习惯，不是泡脚，坚持1个月，排出的陈年寒和湿'],['https://mp.weixin.qq.com/s?__biz=MzU1MjY5MDI1MA==&mid=2247563292&idx=1&sn=65ac67dd01c48112733af6cf9e687d0c&chksm=faa05a4ce5f7fa02acd945236f5c25bdf8b620ad01bb8b858c8019dbc02fda635c443b7e92e0&scene=0&xtrack=1#rd'],['微信'],['2025-06-27 10-52']
['一个最被低估的抗衰运动！降低多种疾病风险，还能减肥'],['https://mp.weixin.qq.com/s?__biz=MjA1ODMxMDQwMQ==&mid=2657981086&idx=1&sn=ac1ba5bcaa1230f79e98562389cd48d5&chksm=482d33a94fae5623cbd55fb953c75c85fe4ea9db79b56f76eaa019691d3441e7ecf0659cc647&scene=0&xtrack=1#rd'],['微信'],['2025-06-27 10-52']
['性生活过多不伤肾，真正让肾报废的事你可能每天都在做……'],['https://mp.weixin.qq.com/s?__biz=MjA1ODMxMDQwMQ==&mid=2657980914&idx=1&sn=75246fab4cdb744a527ac7f2f7bf6e30&chksm=4877adb66d2a0aacce9ddda59f4ce0ad1cd348e330f2a25f0a9fcbc5fef5b67a29f1c67c7d86&scene=0&xtrack=1#rd'],['微信'],['2025-06-27 10-52']
['发现一个奇怪的现象：凡是让父母独自生活，自己忙事业的子女，子女轻松，父母也自在；而选择与父母同住全心照顾的子女，常觉疲惫还被埋怨'],['https://mp.weixin.qq.com/s?__biz=MzI0MzY4NDIyNA==&mid=2247532092&idx=1&sn=932441ef7a1c3e5bb0c67f6b6de9b317&chksm=e8e5762885f3e396ec2e2ef2dfc64936cf9c23fbbaf62e4edb04008c76c99008c96b1496cf68&scene=0&xtrack=1#rd'],['微信'],['2025-06-27 10-52']
['女孩坚称高考586分，再次查询只有364，随后全家把教育局告上法庭，结局却迎来大反转'],['https://mp.weixin.qq.com/s?__biz=Mzk3NTQ2NTA2NA==&mid=2247506399&idx=1&sn=f33fd4b3434895ea42ddda01ef1cf917&chksm=c5941e1ac4840aca4a1e64f0fa3f8851fc7fe109d355b5c9b4dc77d823a6ca39169486340ed6&scene=0&xtrack=1#rd'],['微信'],['2025-06-27 10-52']
['“不要再假装喜欢女儿了”，我发现一个扎心现象：普通家庭的女儿，就是这么被养废的'],['https://mp.weixin.qq.com/s?__biz=MzkxNTQ2MzI0OA==&mid=2247490035&idx=1&sn=0b208d48ae03725c1b082fd66298605a&chksm=c0a22d996c94fdd02121560b60cf9faaf319be8dc70fe3d2935f020597aed43807be7333c8ee&scene=0&xtrack=1#rd'],['微信'],['2025-06-27 10-52']
['昨天，中海物业也宣布撤场了……'],['https://mp.weixin.qq.com/s?__biz=MzI4MjI5NTA4OA==&mid=2247579848&idx=1&sn=336608e3ca3020c249f1f7322e45c4bd&chksm=ea9f732802b6b554acb1162f885b55ddeeae87e0b88b214012630c352f9e4551b6dcc9ef78c4&scene=0&xtrack=1#rd'],['微信'],['2025-06-27 10-52']
['这 5 种首饰尽量别戴！第一种戴一天辐射剂量相当于拍 117 次胸片......'],['https://mp.weixin.qq.com/s?__biz=MzA5NTk1MDMxMg==&mid=2653078903&idx=1&sn=6627251973f660e7f44b22fd315b2e1b&chksm=8a00df84df53ce7504a25f4934625ee3383dad699f484cef4c5c0aa3b140151a706127325eed&scene=0&xtrack=1#rd'],['微信'],['2025-06-27 10-52']
['《DNF手游》补偿来了！策划再次道歉，全民免费领3阶自选属强徽章，+20强化器，毕业封印石'],['https://mp.weixin.qq.com/s?__biz=MzIxNDE2OTg3Ng==&mid=2247525617&idx=1&sn=6b80b69757c3d2e3b4a3f92d852b8957&chksm=96235b7cb4869211e58471f9a42b18e98721df6fb8fc8722a2a87fb91ecf61042b614ad52851&scene=0&xtrack=1#rd'],['微信'],['2025-06-27 10-52']
['史诗巨献！巫妖王&无敌典藏雕像震撼开售!'],['https://mp.weixin.qq.com/s?__biz=MjM5MDAzOTc5OQ==&mid=2651636391&idx=1&sn=c37e765273f3a4051c015e65afc80fc6&chksm=bc06e5eac0a63a2ff9de243de3cd647106965b7c778dee00cb49496b98f5dbd60763d24b0572&scene=0&xtrack=1#rd'],['微信'],['2025-06-27 10-52']
['杨瀚森NBA第16顺位！开拓者给中国一哥提两大要求，姚明一针见血'],['https://mp.weixin.qq.com/s?__biz=MzU1NjUzNjI2Mw==&mid=2247540080&idx=1&sn=efb49cfbf4f763418d9d7043810cebc2&chksm=fadd0e889fb19c3e0af880d2a94c7a4b24b41fa7f6f0b9c572ec504ab46c1bb0e9a2a467d50d&scene=0&xtrack=1#rd'],['微信'],['2025-06-27 10-52']
['今年第三批国补资金7月下达'],['https://mp.weixin.qq.com/s?__biz=MjM5Mjg1NjQ1Mw==&mid=2651191038&idx=1&sn=fda5547118a316ff539f3a3901e77a0b&chksm=bca7d83de27bf0bd284ee20a08e11d4c8fdf9cda923956b2bd9d9982c0cce65d6f2ad5ab709a&scene=0&xtrack=1#rd'],['微信'],['2025-06-27 10-52']
['450分--520分就能上的5所公办本科，性价比出众，就业率直逼95%！'],['https://mp.weixin.qq.com/s?__biz=MzkxNzY2NzkwNQ==&mid=2247492376&idx=1&sn=d382986c04d3d55c7f5d71e019b589af&chksm=c064d4073320af1fa20ee2013b766422acb7fd11dcfab388fa3fc9bbd167130dc1753a5e46f0&scene=0&xtrack=1#rd'],['微信'],['2025-06-27 10-52']
['今天凌晨，北大在Nature上演“帽子戏法”！'],['https://mp.weixin.qq.com/s?__biz=MzA3OTE0MjQzMw==&mid=2652014868&idx=1&sn=50dd47d057d4d6a5af912105cf0f46d5&chksm=85337f1a818b066367e932f79f9955c38be07acfb86a31c85e90bebd6d86bde250916bbd6850&scene=0&xtrack=1#rd'],['微信'],['2025-06-27 10-52']
['官方发布！四川省2025年普通高等学校艺术体育类招生录取控制分数线'],['https://mp.weixin.qq.com/s?__biz=MzA3Mzg1NTUxNA==&mid=2651651394&idx=1&sn=5edf4f260c7abe0bf6eefd62a8866165&chksm=8538035e9c102088f6a9edb418e855d8d47385c7d0218692aacbc7eb32f4bd421772a250fdd6&scene=0&xtrack=1#rd'],['微信'],['2025-06-27 10-52']
['男人放弃女人，就一个字；女人放弃男人，就两个字'],['https://mp.weixin.qq.com/s?__biz=MjI2NDE5Mjk2MQ==&mid=2656896746&idx=2&sn=08ebbb478ccccc9a52832af4a92300e4&chksm=b453ba28cda0508a3e15d2c89d83f8018713dec5e4b7ac9505a44fd5e718e1dc1bf15a7f0e0e&scene=0&xtrack=1#rd'],['微信'],['2025-06-27 10-52']
['刘强东，“新身份”亮相！'],['https://mp.weixin.qq.com/s?__biz=MjM5MTM3NTMwNA==&mid=2661605290&idx=1&sn=c09fb783f7a70a1824036968834951be&chksm=bc2398c04b55a4b2e8084dbed90a7b370b142617f8c2c9f62d79b4ebdbe4e2a42818fd412328&scene=0&xtrack=1#rd'],['微信'],['2025-06-27 10-52']
['官宣！这两个超大城市，地铁要对接了'],['https://mp.weixin.qq.com/s?__biz=MzAwNTc2Mzc0Ng==&mid=2652277514&idx=1&sn=2f80c191bad3ca2dced5a35fe81e3aad&chksm=812b8bd0083f9f4941cf7626c70cd60bc8d20b10171635ce25a285559baf42719228769c9443&scene=0&xtrack=1#rd'],['微信'],['2025-06-27 10-52']
['家庭年收入的60%用于初中女儿的教育，妈妈疯狂操作的结果是，孩子成绩中下游，原准备放下，但马上动摇，考虑高中预科补习'],['https://mp.weixin.qq.com/s?__biz=MjM5NDU0Mjk2MQ==&mid=2651866284&idx=1&sn=f49d0044d925798c43ddda868727d64c&chksm=bc2909476fc835d27480ed4763b32ca5cdd5ecc9c06cd6454f9e25940940c4b0ff47650a4d1f&scene=0&xtrack=1#rd'],['微信'],['2025-06-27 10-52']
['守住耕地这个命根子'],['https://m.baidu.com/s?wd=%E5%AE%88%E4%BD%8F%E8%80%95%E5%9C%B0%E8%BF%99%E4%B8%AA%E5%91%BD%E6%A0%B9%E5%AD%90'],['百度'],['2025-06-27 10-52']
['国防部回应网友许愿苏超决赛飞战机'],['https://m.baidu.com/s?wd=%E5%9B%BD%E9%98%B2%E9%83%A8%E5%9B%9E%E5%BA%94%E7%BD%91%E5%8F%8B%E8%AE%B8%E6%84%BF%E8%8B%8F%E8%B6%85%E5%86%B3%E8%B5%9B%E9%A3%9E%E6%88%98%E6%9C%BA'],['百度'],['2025-06-27 10-52']
['充电宝召回风波持续发酵 国家出手了'],['https://m.baidu.com/s?wd=%E5%85%85%E7%94%B5%E5%AE%9D%E5%8F%AC%E5%9B%9E%E9%A3%8E%E6%B3%A2%E6%8C%81%E7%BB%AD%E5%8F%91%E9%85%B5+%E5%9B%BD%E5%AE%B6%E5%87%BA%E6%89%8B%E4%BA%86'],['百度'],['2025-06-27 10-52']
['六部门联合划重点、指方向'],['https://m.baidu.com/s?wd=%E5%85%AD%E9%83%A8%E9%97%A8%E8%81%94%E5%90%88%E5%88%92%E9%87%8D%E7%82%B9%E3%80%81%E6%8C%87%E6%96%B9%E5%90%91'],['百度'],['2025-06-27 10-52']
['上海东方明珠玻璃地板疑似热炸'],['https://m.baidu.com/s?wd=%E4%B8%8A%E6%B5%B7%E4%B8%9C%E6%96%B9%E6%98%8E%E7%8F%A0%E7%8E%BB%E7%92%83%E5%9C%B0%E6%9D%BF%E7%96%91%E4%BC%BC%E7%83%AD%E7%82%B8'],['百度'],['2025-06-27 10-52']
['美公布打击伊朗巨型钻地弹试爆画面'],['https://m.baidu.com/s?wd=%E7%BE%8E%E5%85%AC%E5%B8%83%E6%89%93%E5%87%BB%E4%BC%8A%E6%9C%97%E5%B7%A8%E5%9E%8B%E9%92%BB%E5%9C%B0%E5%BC%B9%E8%AF%95%E7%88%86%E7%94%BB%E9%9D%A2'],['百度'],['2025-06-27 10-52']
['净网：网警公布打击谣言8起典型案例'],['https://m.baidu.com/s?wd=%E5%87%80%E7%BD%91%EF%BC%9A%E7%BD%91%E8%AD%A6%E5%85%AC%E5%B8%83%E6%89%93%E5%87%BB%E8%B0%A3%E8%A8%808%E8%B5%B7%E5%85%B8%E5%9E%8B%E6%A1%88%E4%BE%8B'],['百度'],['2025-06-27 10-52']
['警方证实网红“小四爷”被带走'],['https://m.baidu.com/s?wd=%E8%AD%A6%E6%96%B9%E8%AF%81%E5%AE%9E%E7%BD%91%E7%BA%A2%E2%80%9C%E5%B0%8F%E5%9B%9B%E7%88%B7%E2%80%9D%E8%A2%AB%E5%B8%A6%E8%B5%B0'],['百度'],['2025-06-27 10-52']
['妻女患癌 95后丈夫直播跳舞赚治疗费'],['https://m.baidu.com/s?wd=%E5%A6%BB%E5%A5%B3%E6%82%A3%E7%99%8C+95%E5%90%8E%E4%B8%88%E5%A4%AB%E7%9B%B4%E6%92%AD%E8%B7%B3%E8%88%9E%E8%B5%9A%E6%B2%BB%E7%96%97%E8%B4%B9'],['百度'],['2025-06-27 10-52']
['闫妮红毯又“微醺” 太松弛像在遛弯'],['https://m.baidu.com/s?wd=%E9%97%AB%E5%A6%AE%E7%BA%A2%E6%AF%AF%E5%8F%88%E2%80%9C%E5%BE%AE%E9%86%BA%E2%80%9D+%E5%A4%AA%E6%9D%BE%E5%BC%9B%E5%83%8F%E5%9C%A8%E9%81%9B%E5%BC%AF'],['百度'],['2025-06-27 10-52']
['“全球第一网红”也想来中国'],['https://m.baidu.com/s?wd=%E2%80%9C%E5%85%A8%E7%90%83%E7%AC%AC%E4%B8%80%E7%BD%91%E7%BA%A2%E2%80%9D%E4%B9%9F%E6%83%B3%E6%9D%A5%E4%B8%AD%E5%9B%BD'],['百度'],['2025-06-27 10-52']
['四川宜宾遭遇洪灾？假'],['https://m.baidu.com/s?wd=%E5%9B%9B%E5%B7%9D%E5%AE%9C%E5%AE%BE%E9%81%AD%E9%81%87%E6%B4%AA%E7%81%BE%EF%BC%9F%E5%81%87'],['百度'],['2025-06-27 10-52']
['中国记者在俄遭乌无人机袭击受伤'],['https://m.baidu.com/s?wd=%E4%B8%AD%E5%9B%BD%E8%AE%B0%E8%80%85%E5%9C%A8%E4%BF%84%E9%81%AD%E4%B9%8C%E6%97%A0%E4%BA%BA%E6%9C%BA%E8%A2%AD%E5%87%BB%E5%8F%97%E4%BC%A4'],['百度'],['2025-06-27 10-52']
['哈尔滨高温 高校学生楼道睡觉'],['https://m.baidu.com/s?wd=%E5%93%88%E5%B0%94%E6%BB%A8%E9%AB%98%E6%B8%A9+%E9%AB%98%E6%A0%A1%E5%AD%A6%E7%94%9F%E6%A5%BC%E9%81%93%E7%9D%A1%E8%A7%89'],['百度'],['2025-06-27 10-52']
['小米股价开盘大涨'],['https://m.baidu.com/s?wd=%E5%B0%8F%E7%B1%B3%E8%82%A1%E4%BB%B7%E5%BC%80%E7%9B%98%E5%A4%A7%E6%B6%A8'],['百度'],['2025-06-27 10-52']
['暴雨蓝色预警：多省份大到暴雨'],['https://m.baidu.com/s?wd=%E6%9A%B4%E9%9B%A8%E8%93%9D%E8%89%B2%E9%A2%84%E8%AD%A6%EF%BC%9A%E5%A4%9A%E7%9C%81%E4%BB%BD%E5%A4%A7%E5%88%B0%E6%9A%B4%E9%9B%A8'],['百度'],['2025-06-27 10-52']
['伊外长称目前没有重启核谈判计划'],['https://m.baidu.com/s?wd=%E4%BC%8A%E5%A4%96%E9%95%BF%E7%A7%B0%E7%9B%AE%E5%89%8D%E6%B2%A1%E6%9C%89%E9%87%8D%E5%90%AF%E6%A0%B8%E8%B0%88%E5%88%A4%E8%AE%A1%E5%88%92'],['百度'],['2025-06-27 10-52']
['杨瀚森NBA合同总额过亿元'],['https://m.baidu.com/s?wd=%E6%9D%A8%E7%80%9A%E6%A3%AENBA%E5%90%88%E5%90%8C%E6%80%BB%E9%A2%9D%E8%BF%87%E4%BA%BF%E5%85%83'],['百度'],['2025-06-27 10-52']
['雷军现场拿小米YU7对比Model Y'],['https://m.baidu.com/s?wd=%E9%9B%B7%E5%86%9B%E7%8E%B0%E5%9C%BA%E6%8B%BF%E5%B0%8F%E7%B1%B3YU7%E5%AF%B9%E6%AF%94Model+Y'],['百度'],['2025-06-27 10-52']
['原来刘亦菲吃饭也是手机先吃'],['https://m.baidu.com/s?wd=%E5%8E%9F%E6%9D%A5%E5%88%98%E4%BA%A6%E8%8F%B2%E5%90%83%E9%A5%AD%E4%B9%9F%E6%98%AF%E6%89%8B%E6%9C%BA%E5%85%88%E5%90%83'],['百度'],['2025-06-27 10-52']
['井柏然刘雯被当面追问婚讯'],['https://m.baidu.com/s?wd=%E4%BA%95%E6%9F%8F%E7%84%B6%E5%88%98%E9%9B%AF%E8%A2%AB%E5%BD%93%E9%9D%A2%E8%BF%BD%E9%97%AE%E5%A9%9A%E8%AE%AF'],['百度'],['2025-06-27 10-52']
['云南玉昆2比1河南'],['https://m.baidu.com/s?wd=%E4%BA%91%E5%8D%97%E7%8E%89%E6%98%862%E6%AF%941%E6%B2%B3%E5%8D%97'],['百度'],['2025-06-27 10-52']
['雷军：YU7订单要高于SU7'],['https://m.baidu.com/s?wd=%E9%9B%B7%E5%86%9B%EF%BC%9AYU7%E8%AE%A2%E5%8D%95%E8%A6%81%E9%AB%98%E4%BA%8ESU7'],['百度'],['2025-06-27 10-52']
['女子吐槽买桃子垫纸是卫生巾边角料'],['https://m.baidu.com/s?wd=%E5%A5%B3%E5%AD%90%E5%90%90%E6%A7%BD%E4%B9%B0%E6%A1%83%E5%AD%90%E5%9E%AB%E7%BA%B8%E6%98%AF%E5%8D%AB%E7%94%9F%E5%B7%BE%E8%BE%B9%E8%A7%92%E6%96%99'],['百度'],['2025-06-27 10-52']
['中国边境半年缴毒2.42吨'],['https://m.baidu.com/s?wd=%E4%B8%AD%E5%9B%BD%E8%BE%B9%E5%A2%83%E5%8D%8A%E5%B9%B4%E7%BC%B4%E6%AF%922.42%E5%90%A8'],['百度'],['2025-06-27 10-52']
['新修订的治安管理处罚法明年施行'],['https://m.baidu.com/s?wd=%E6%96%B0%E4%BF%AE%E8%AE%A2%E7%9A%84%E6%B2%BB%E5%AE%89%E7%AE%A1%E7%90%86%E5%A4%84%E7%BD%9A%E6%B3%95%E6%98%8E%E5%B9%B4%E6%96%BD%E8%A1%8C'],['百度'],['2025-06-27 10-52']
['高考724分女生：平时数学也常满分'],['https://m.baidu.com/s?wd=%E9%AB%98%E8%80%83724%E5%88%86%E5%A5%B3%E7%94%9F%EF%BC%9A%E5%B9%B3%E6%97%B6%E6%95%B0%E5%AD%A6%E4%B9%9F%E5%B8%B8%E6%BB%A1%E5%88%86'],['百度'],['2025-06-27 10-52']
['荣耀正式启动A股IPO'],['https://m.baidu.com/s?wd=%E8%8D%A3%E8%80%80%E6%AD%A3%E5%BC%8F%E5%90%AF%E5%8A%A8A%E8%82%A1IPO'],['百度'],['2025-06-27 10-52']
['国际奥委会新任主席考文垂计划访华'],['https://m.baidu.com/s?wd=%E5%9B%BD%E9%99%85%E5%A5%A5%E5%A7%94%E4%BC%9A%E6%96%B0%E4%BB%BB%E4%B8%BB%E5%B8%AD%E8%80%83%E6%96%87%E5%9E%82%E8%AE%A1%E5%88%92%E8%AE%BF%E5%8D%8E'],['百度'],['2025-06-27 10-52']
['小米手环10正式发布 269元起售'],['https://m.baidu.com/s?wd=%E5%B0%8F%E7%B1%B3%E6%89%8B%E7%8E%AF10%E6%AD%A3%E5%BC%8F%E5%8F%91%E5%B8%83+269%E5%85%83%E8%B5%B7%E5%94%AE'],['百度'],['2025-06-27 10-52']
['世俱杯：利雅得新月vs帕丘卡'],['https://m.baidu.com/s?wd=%E4%B8%96%E4%BF%B1%E6%9D%AF%EF%BC%9A%E5%88%A9%E9%9B%85%E5%BE%97%E6%96%B0%E6%9C%88vs%E5%B8%95%E4%B8%98%E5%8D%A1'],['百度'],['2025-06-27 10-52']
['雷军：未交付SU7都可改配YU7'],['https://m.baidu.com/s?wd=%E9%9B%B7%E5%86%9B%EF%BC%9A%E6%9C%AA%E4%BA%A4%E4%BB%98SU7%E9%83%BD%E5%8F%AF%E6%94%B9%E9%85%8DYU7'],['百度'],['2025-06-27 10-52']
['美国一季度经济环比萎缩0.5%'],['https://m.baidu.com/s?wd=%E7%BE%8E%E5%9B%BD%E4%B8%80%E5%AD%A3%E5%BA%A6%E7%BB%8F%E6%B5%8E%E7%8E%AF%E6%AF%94%E8%90%8E%E7%BC%A90.5%25'],['百度'],['2025-06-27 10-52']
['吉林大学学生因宿舍太热支帐篷过夜'],['https://m.baidu.com/s?wd=%E5%90%89%E6%9E%97%E5%A4%A7%E5%AD%A6%E5%AD%A6%E7%94%9F%E5%9B%A0%E5%AE%BF%E8%88%8D%E5%A4%AA%E7%83%AD%E6%94%AF%E5%B8%90%E7%AF%B7%E8%BF%87%E5%A4%9C'],['百度'],['2025-06-27 10-52']
['哈佛公布首个应急计划'],['https://m.baidu.com/s?wd=%E5%93%88%E4%BD%9B%E5%85%AC%E5%B8%83%E9%A6%96%E4%B8%AA%E5%BA%94%E6%80%A5%E8%AE%A1%E5%88%92'],['百度'],['2025-06-27 10-52']
['小米YU7 3分钟大定突破200000台'],['https://m.baidu.com/s?wd=%E5%B0%8F%E7%B1%B3YU7+3%E5%88%86%E9%92%9F%E5%A4%A7%E5%AE%9A%E7%AA%81%E7%A0%B4200000%E5%8F%B0'],['百度'],['2025-06-27 10-52']
['湖北宜昌市远安县发生3.4级地震'],['https://m.baidu.com/s?wd=%E6%B9%96%E5%8C%97%E5%AE%9C%E6%98%8C%E5%B8%82%E8%BF%9C%E5%AE%89%E5%8E%BF%E5%8F%91%E7%94%9F3.4%E7%BA%A7%E5%9C%B0%E9%9C%87'],['百度'],['2025-06-27 10-52']
['张帅第11次入围温网正赛'],['https://m.baidu.com/s?wd=%E5%BC%A0%E5%B8%85%E7%AC%AC11%E6%AC%A1%E5%85%A5%E5%9B%B4%E6%B8%A9%E7%BD%91%E6%AD%A3%E8%B5%9B'],['百度'],['2025-06-27 10-52']
['河北一正厅级干部任上被查'],['https://m.baidu.com/s?wd=%E6%B2%B3%E5%8C%97%E4%B8%80%E6%AD%A3%E5%8E%85%E7%BA%A7%E5%B9%B2%E9%83%A8%E4%BB%BB%E4%B8%8A%E8%A2%AB%E6%9F%A5'],['百度'],['2025-06-27 10-52']
['反不正当竞争法完成修订'],['https://m.baidu.com/s?wd=%E5%8F%8D%E4%B8%8D%E6%AD%A3%E5%BD%93%E7%AB%9E%E4%BA%89%E6%B3%95%E5%AE%8C%E6%88%90%E4%BF%AE%E8%AE%A2'],['百度'],['2025-06-27 10-52']
['雷军称YU7隔音仅比库里南差一点'],['https://m.baidu.com/s?wd=%E9%9B%B7%E5%86%9B%E7%A7%B0YU7%E9%9A%94%E9%9F%B3%E4%BB%85%E6%AF%94%E5%BA%93%E9%87%8C%E5%8D%97%E5%B7%AE%E4%B8%80%E7%82%B9'],['百度'],['2025-06-27 10-52']
['24岁哈兰德打入职业生涯第300球'],['https://m.baidu.com/s?wd=24%E5%B2%81%E5%93%88%E5%85%B0%E5%BE%B7%E6%89%93%E5%85%A5%E8%81%8C%E4%B8%9A%E7%94%9F%E6%B6%AF%E7%AC%AC300%E7%90%83'],['百度'],['2025-06-27 10-52']
['雷军：小米不是靠营销赢'],['https://m.baidu.com/s?wd=%E9%9B%B7%E5%86%9B%EF%BC%9A%E5%B0%8F%E7%B1%B3%E4%B8%8D%E6%98%AF%E9%9D%A0%E8%90%A5%E9%94%80%E8%B5%A2'],['百度'],['2025-06-27 10-52']
['女生在公司午休一觉睡到五点半'],['https://m.baidu.com/s?wd=%E5%A5%B3%E7%94%9F%E5%9C%A8%E5%85%AC%E5%8F%B8%E5%8D%88%E4%BC%91%E4%B8%80%E8%A7%89%E7%9D%A1%E5%88%B0%E4%BA%94%E7%82%B9%E5%8D%8A'],['百度'],['2025-06-27 10-52']
['小米发布AI眼镜'],['https://m.baidu.com/s?wd=%E5%B0%8F%E7%B1%B3%E5%8F%91%E5%B8%83AI%E7%9C%BC%E9%95%9C'],['百度'],['2025-06-27 10-52']
['日本一机场因熊出没取消航班'],['https://m.baidu.com/s?wd=%E6%97%A5%E6%9C%AC%E4%B8%80%E6%9C%BA%E5%9C%BA%E5%9B%A0%E7%86%8A%E5%87%BA%E6%B2%A1%E5%8F%96%E6%B6%88%E8%88%AA%E7%8F%AD'],['百度'],['2025-06-27 10-52']
['时隔三个多月 世卫物资终于进入加沙'],['https://m.baidu.com/s?wd=%E6%97%B6%E9%9A%94%E4%B8%89%E4%B8%AA%E5%A4%9A%E6%9C%88+%E4%B8%96%E5%8D%AB%E7%89%A9%E8%B5%84%E7%BB%88%E4%BA%8E%E8%BF%9B%E5%85%A5%E5%8A%A0%E6%B2%99'],['百度'],['2025-06-27 10-52']
['巴基斯坦防长称将继续购买中国装备'],['https://m.baidu.com/s?wd=%E5%B7%B4%E5%9F%BA%E6%96%AF%E5%9D%A6%E9%98%B2%E9%95%BF%E7%A7%B0%E5%B0%86%E7%BB%A7%E7%BB%AD%E8%B4%AD%E4%B9%B0%E4%B8%AD%E5%9B%BD%E8%A3%85%E5%A4%87'],['百度'],['2025-06-27 10-52']
['马克龙：法不接受不对等欧美关税协议'],['https://m.baidu.com/s?wd=%E9%A9%AC%E5%85%8B%E9%BE%99%EF%BC%9A%E6%B3%95%E4%B8%8D%E6%8E%A5%E5%8F%97%E4%B8%8D%E5%AF%B9%E7%AD%89%E6%AC%A7%E7%BE%8E%E5%85%B3%E7%A8%8E%E5%8D%8F%E8%AE%AE'],['百度'],['2025-06-27 10-52']
['普京将视频连线参加金砖国家峰会'],['https://m.baidu.com/s?wd=%E6%99%AE%E4%BA%AC%E5%B0%86%E8%A7%86%E9%A2%91%E8%BF%9E%E7%BA%BF%E5%8F%82%E5%8A%A0%E9%87%91%E7%A0%96%E5%9B%BD%E5%AE%B6%E5%B3%B0%E4%BC%9A'],['百度'],['2025-06-27 10-52']
['分红险红利实现率整体上升'],['https://m.baidu.com/s?wd=%E5%88%86%E7%BA%A2%E9%99%A9%E7%BA%A2%E5%88%A9%E5%AE%9E%E7%8E%B0%E7%8E%87%E6%95%B4%E4%BD%93%E4%B8%8A%E5%8D%87'],['百度'],['2025-06-27 10-52']
['《崩坏：星穹铁道》千星纪游PV：「有关星空的寓言集•其二」'],['https://www.bilibili.com/video/av114730622518677/'],['哔哩哔哩'],['2025-06-27 10-52']
['又说分手吓人了'],['https://www.bilibili.com/video/av114738205822156/'],['哔哩哔哩'],['2025-06-27 10-52']
['首次公开！影视飓风的后台数据长啥样？'],['https://www.bilibili.com/video/av114737115305544/'],['哔哩哔哩'],['2025-06-27 10-52']
['《阎王最绝望の一集》'],['https://www.bilibili.com/video/av114732619073097/'],['哔哩哔哩'],['2025-06-27 10-52']
['神经病枪手——但是黑道版【硬核狠人87】'],['https://www.bilibili.com/video/av114737048195715/'],['哔哩哔哩'],['2025-06-27 10-52']
['特厨探店 |在上海主动要差评的餐厅是什么样的？—食贵'],['https://www.bilibili.com/video/av114733239764030/'],['哔哩哔哩'],['2025-06-27 10-52']
['《 天 崩 开 局 》百米悬崖一跃而下，它用未曾学会飞翔的身体，对抗最坚硬的命运'],['https://www.bilibili.com/video/av114730739962391/'],['哔哩哔哩'],['2025-06-27 10-52']
['谢谢大家喜欢我，回答一下之前视频评论区的一些问题。'],['https://www.bilibili.com/video/av114743910078740/'],['哔哩哔哩'],['2025-06-27 10-52']
['“换个角度看世界 双层晚霞会惊艳到你”～'],['https://www.bilibili.com/video/av114730689628823/'],['哔哩哔哩'],['2025-06-27 10-52']
['【速凌】兄弟！这次！我保你撤！'],['https://www.bilibili.com/video/av114743457160731/'],['哔哩哔哩'],['2025-06-27 10-52']
['高考查分现状'],['https://www.bilibili.com/video/av114736964309610/'],['哔哩哔哩'],['2025-06-27 10-52']
"['循环歌单 |【法修散打】| ""听完不甜给你揍我【TrackMaker&官方回答】""']",['https://www.bilibili.com/video/av114738977641197/'],['哔哩哔哩'],['2025-06-27 10-52']
['【毕导】太阳是早上近还是中午近？给2500年前两个小孩的回信'],['https://www.bilibili.com/video/av114744681830789/'],['哔哩哔哩'],['2025-06-27 10-52']
['《歌手2025》，一场酣畅淋漓的审美霸凌。'],['https://www.bilibili.com/video/av114726579209799/'],['哔哩哔哩'],['2025-06-27 10-52']
['耳机里的盛宴，再次爱了'],['https://www.bilibili.com/video/av114720925352998/'],['哔哩哔哩'],['2025-06-27 10-52']
['《绝区零》橘福福EP | 食通万物 修心修身'],['https://www.bilibili.com/video/av114727770395993/'],['哔哩哔哩'],['2025-06-27 10-52']
['医生药单——大型男士保健品'],['https://www.bilibili.com/video/av114730505077827/'],['哔哩哔哩'],['2025-06-27 10-52']
['生命星球51 灾难的好处是？'],['https://www.bilibili.com/video/av114743188653479/'],['哔哩哔哩'],['2025-06-27 10-52']
['【原神】《养成系·师父》'],['https://www.bilibili.com/video/av114738105156615/'],['哔哩哔哩'],['2025-06-27 10-52']
['神仙打架！谁还不是个六边形战士，来自七星大佬的巅峰对决！'],['https://www.bilibili.com/video/av114739464112678/'],['哔哩哔哩'],['2025-06-27 10-52']
['《压抑压旷世奇才》'],['https://www.bilibili.com/video/av114727418134697/'],['哔哩哔哩'],['2025-06-27 10-52']
['三角洲行动 X 明日方舟 联动决定！'],['https://www.bilibili.com/video/av114733038442465/'],['哔哩哔哩'],['2025-06-27 10-52']
['真史上最大更新！疾风亲女儿！新地图监狱和AM17是真香啊！S5新赛季总结！「三角洲S5赛季」'],['https://www.bilibili.com/video/av114734951043971/'],['哔哩哔哩'],['2025-06-27 10-52']
['学生会换届，新会长人挺硬？'],['https://www.bilibili.com/video/av114737585063506/'],['哔哩哔哩'],['2025-06-27 10-52']
"['你为""国家""镇守边境八年，可你的""妻女""却遭奸人陷害？']",['https://www.bilibili.com/video/av114743675192993/'],['哔哩哔哩'],['2025-06-27 10-52']
['桃李满天下'],['https://www.bilibili.com/video/av114743205498495/'],['哔哩哔哩'],['2025-06-27 10-52']
['低成本手搓铠甲勇士'],['https://www.bilibili.com/video/av114731780212021/'],['哔哩哔哩'],['2025-06-27 10-52']
['玩具熊 模仿者的秘密'],['https://www.bilibili.com/video/av114749278782798/'],['哔哩哔哩'],['2025-06-27 10-52']
['全明星烂片！一个视频全方位告诉你为什么《酱园弄》这么烂？'],['https://www.bilibili.com/video/av114732333801424/'],['哔哩哔哩'],['2025-06-27 10-52']
['烟之暗面-The Dark Side of the Smoke-丁真'],['https://www.bilibili.com/video/av114739128570730/'],['哔哩哔哩'],['2025-06-27 10-52']
['掌握上万种杀人手法的灰原哀！'],['https://www.bilibili.com/video/av114742786002876/'],['哔哩哔哩'],['2025-06-27 10-52']
['《异环》「收容测试」PV丨极漩在暴雨之前'],['https://www.bilibili.com/video/av114730303819273/'],['哔哩哔哩'],['2025-06-27 10-52']
['医者仁心！中国援非医疗队张军桥医生因救落水者不幸牺牲'],['https://www.bilibili.com/video/av114737652176509/'],['哔哩哔哩'],['2025-06-27 10-52']
['电影中最让人心酸的告别时刻！不只是角色，这也是演员的临终谢幕'],['https://www.bilibili.com/video/av114731679484623/'],['哔哩哔哩'],['2025-06-27 10-52']
['毕业，是结束还是开始？'],['https://www.bilibili.com/video/av114743692107170/'],['哔哩哔哩'],['2025-06-27 10-52']
['一个视频讲透高考志愿填报的一切！所有省份均适用！'],['https://www.bilibili.com/video/av114731847255569/'],['哔哩哔哩'],['2025-06-27 10-52']
['我被种草中国大学了…现在来上还来得及吗'],['https://www.bilibili.com/video/av114731847323697/'],['哔哩哔哩'],['2025-06-27 10-52']
['讨厌选择，全买了（2）'],['https://www.bilibili.com/video/av114747785617101/'],['哔哩哔哩'],['2025-06-27 10-52']
['地铁逃生角色动画短片：掌控者·弗拉迪'],['https://www.bilibili.com/video/av114732702896214/'],['哔哩哔哩'],['2025-06-27 10-52']
['【杀手小丑】千万不要独自靠近它，否则会被追杀……'],['https://www.bilibili.com/video/av114721529464106/'],['哔哩哔哩'],['2025-06-27 10-52']
['当你民国时期第一次被朋友带去当地最有名的女生公馆化妆时（即兴场景模拟'],['https://www.bilibili.com/video/av114737434070220/'],['哔哩哔哩'],['2025-06-27 10-52']
['太原小伙卖打卤面，80个鸡蛋当水泼，12元一碗，四年不涨价'],['https://www.bilibili.com/video/av114738138842511/'],['哔哩哔哩'],['2025-06-27 10-52']
['“果然中国胃就要吃中国饭！仅仅五集就有这么多权威镜头！真不是五官的问题，是性张力！”'],['https://www.bilibili.com/video/av114738272931824/'],['哔哩哔哩'],['2025-06-27 10-52']
['【赛博逗猫棒】“用指尖支配动漫角色这一块/.”'],['https://www.bilibili.com/video/av114725169927363/'],['哔哩哔哩'],['2025-06-27 10-52']
['《主持人手册》'],['https://www.bilibili.com/video/av114727015421569/'],['哔哩哔哩'],['2025-06-27 10-52']
['别墅里面唱k'],['https://www.bilibili.com/video/av114731847390297/'],['哔哩哔哩'],['2025-06-27 10-52']
['难怪丧尸有无限动力'],['https://www.bilibili.com/video/av114738977637978/'],['哔哩哔哩'],['2025-06-27 10-52']
['四川妹子在芬兰市中心摆摊创业卖煎饼果子钵钵鸡！爆单的一天简直做不过来！各国老外疯狂求开店！'],['https://www.bilibili.com/video/av114732518348302/'],['哔哩哔哩'],['2025-06-27 10-52']
['大尾翼竟然要合法了？今年是改装元年！'],['https://www.bilibili.com/video/av114737702505606/'],['哔哩哔哩'],['2025-06-27 10-52']
['有钳的干不过有拳的'],['https://www.bilibili.com/video/av114737669146106/'],['哔哩哔哩'],['2025-06-27 10-52']
['艺术工作室都收藏些什么玩意儿'],['https://www.bilibili.com/video/av114732870668096/'],['哔哩哔哩'],['2025-06-27 10-52']
['空调26度最省电？错了！这样开最省！'],['https://www.bilibili.com/video/av114707839062033/'],['哔哩哔哩'],['2025-06-27 10-52']
['汉 东 新 纪 元'],['https://www.bilibili.com/video/av114719046243579/'],['哔哩哔哩'],['2025-06-27 10-52']
['第一视角带你体验高考查分的刺激（又中了！快来沾喜气'],['https://www.bilibili.com/video/av114732719669433/'],['哔哩哔哩'],['2025-06-27 10-52']
['假面骑士系列入驻B站！'],['https://www.bilibili.com/video/av114743457089766/'],['哔哩哔哩'],['2025-06-27 10-52']
['比《狂飙》更黑暗？公检法全员涉黑预警！这剧把扫黑拍成狼人杀！'],['https://www.bilibili.com/video/av114744044362940/'],['哔哩哔哩'],['2025-06-27 10-52']
['六条人命悬案，真相不断反转，全员都是嫌犯，你能推理出凶手吗？'],['https://www.bilibili.com/video/av114731981538740/'],['哔哩哔哩'],['2025-06-27 10-52']
['河马，无鳄不坐的驾狮高手'],['https://www.bilibili.com/video/av114730723251976/'],['哔哩哔哩'],['2025-06-27 10-52']
['莫愁乡--（OfficialMusicVideo）亚细亚旷世奇才'],['https://www.bilibili.com/video/av114658765709270/'],['哔哩哔哩'],['2025-06-27 10-52']
['从高中文科到大学理科，揭秘大学地理专业真相！'],['https://www.bilibili.com/video/av114737752839692/'],['哔哩哔哩'],['2025-06-27 10-52']
['群青！！！！！！！！！！！！！！'],['https://www.bilibili.com/video/av114731394270845/'],['哔哩哔哩'],['2025-06-27 10-52']
['【MrBeast首发】25万美元挑战减肥90斤！'],['https://www.bilibili.com/video/av114723341272166/'],['哔哩哔哩'],['2025-06-27 10-52']
['第一次被别人咬了一口'],['https://www.bilibili.com/video/av114737903837183/'],['哔哩哔哩'],['2025-06-27 10-52']
['银 刃 切 开 的 真 相'],['https://www.bilibili.com/video/av114744430234626/'],['哔哩哔哩'],['2025-06-27 10-52']
['人生的容错率比你想象的高得多 3'],['https://www.bilibili.com/video/av114730622522138/'],['哔哩哔哩'],['2025-06-27 10-52']
['叫声兄弟 那还说啥呢'],['https://www.bilibili.com/video/av114742635006781/'],['哔哩哔哩'],['2025-06-27 10-52']
['男生抽象行为 VS 女生抽象行为'],['https://www.bilibili.com/video/av114731964826752/'],['哔哩哔哩'],['2025-06-27 10-52']
['【P20】重生回到契约御兽的那天，校花柳如烟竟也重生了......'],['https://www.bilibili.com/video/av114735823522916/'],['哔哩哔哩'],['2025-06-27 10-52']
['【崩铁】救世主白厄综合测评：此躯即神！光锥对比+强度分析+配队思路+星魂提升，化身BOSS！！'],['https://www.bilibili.com/video/av114741510932082/'],['哔哩哔哩'],['2025-06-27 10-52']
['伊朗以色列宣布停火，这波没有输家都是赢家？'],['https://www.bilibili.com/video/av114743373268515/'],['哔哩哔哩'],['2025-06-27 10-52']
['博尔特出征实验基地，3分钟350万，喜提11克钻石 #七图博尔特'],['https://www.bilibili.com/video/av114743859748474/'],['哔哩哔哩'],['2025-06-27 10-52']
['为了尝一口“水中人参”，我也是拼了！！！'],['https://www.bilibili.com/video/av114738893686466/'],['哔哩哔哩'],['2025-06-27 10-52']
['【锈麦早】CandyCookieChocolate｜亚军作'],['https://www.bilibili.com/video/av114731058792107/'],['哔哩哔哩'],['2025-06-27 10-52']
['史上最细！《寄生虫》意想不到的特效用途！多惠为什么会喜欢基宇？|《寄生虫》万字拉片 02'],['https://www.bilibili.com/video/av114727350963430/'],['哔哩哔哩'],['2025-06-27 10-52']
['你可能不认识我，但是你应该刷到过我的四菜一汤'],['https://www.bilibili.com/video/av114743658546251/'],['哔哩哔哩'],['2025-06-27 10-52']
['蛋仔派对：让作文得满分的钥匙！蛋仔语音包的神级助攻！'],['https://www.bilibili.com/video/av114736779763503/'],['哔哩哔哩'],['2025-06-27 10-52']
['【原始人启动】丝柯克（绝密）3.4w原石→???'],['https://www.bilibili.com/video/av114732266820508/'],['哔哩哔哩'],['2025-06-27 10-52']
['我仿佛找回了，哔站一开始的那种熟悉氛围'],['https://www.bilibili.com/video/av114726797509890/'],['哔哩哔哩'],['2025-06-27 10-52']
['【引航者试炼#5】集成特辑全关卡 摆完挂机 简单好抄'],['https://www.bilibili.com/video/av114738172335027/'],['哔哩哔哩'],['2025-06-27 10-52']
['阴潮地府人皇幡'],['https://www.bilibili.com/video/av114744413461572/'],['哔哩哔哩'],['2025-06-27 10-52']
['【高端局音乐】“念旧的人活的像一个拾荒者！”'],['https://www.bilibili.com/video/av114737870342897/'],['哔哩哔哩'],['2025-06-27 10-52']
['《银与绯》公测OP丨归途与回响'],['https://www.bilibili.com/video/av114738222602052/'],['哔哩哔哩'],['2025-06-27 10-52']
['和死神缠斗40年！系列最强女主角登场！2025最新惊悚片《死神来了6》'],['https://www.bilibili.com/video/av114737299918455/'],['哔哩哔哩'],['2025-06-27 10-52']
['为啥你的大脑急得上火了，但身体还是懒得动？'],['https://www.bilibili.com/video/av114743557752371/'],['哔哩哔哩'],['2025-06-27 10-52']
['《明日方舟》EP - Mare Natus'],['https://www.bilibili.com/video/av114747416514337/'],['哔哩哔哩'],['2025-06-27 10-52']
['从第1天到第3650天，我们的爱情发生了什么？'],['https://www.bilibili.com/video/av114743289453060/'],['哔哩哔哩'],['2025-06-27 10-52']
['决 战 地 狱 之 巅'],['https://www.bilibili.com/video/av114733004953184/'],['哔哩哔哩'],['2025-06-27 10-52']
['我喜欢这个bgm'],['https://www.bilibili.com/video/av114736981087130/'],['哔哩哔哩'],['2025-06-27 10-52']
['差点忘了自己以前是干嘛的了'],['https://www.bilibili.com/video/av114732300242989/'],['哔哩哔哩'],['2025-06-27 10-52']
['哥们，你是女的？'],['https://www.bilibili.com/video/av114736695873094/'],['哔哩哔哩'],['2025-06-27 10-52']
['姐 你下次有话能当面说嘛？'],['https://www.bilibili.com/video/av114730907730027/'],['哔哩哔哩'],['2025-06-27 10-52']
['It’s 奶GO!!!!!'],['https://www.bilibili.com/video/av114739682215241/'],['哔哩哔哩'],['2025-06-27 10-52']
['小迷赛罗1-3蹲坑版'],['https://www.bilibili.com/video/av114737283073347/'],['哔哩哔哩'],['2025-06-27 10-52']
['人在无语的时候是真的会笑的'],['https://www.bilibili.com/video/av114741141901444/'],['哔哩哔哩'],['2025-06-27 10-52']
['《原神》剧情PV-「溯渊成河，星轨永延」'],['https://www.bilibili.com/video/av114738088383728/'],['哔哩哔哩'],['2025-06-27 10-52']
['当你选择退场，我偏要演一出最耀眼的重生'],['https://www.bilibili.com/video/av114731192944155/'],['哔哩哔哩'],['2025-06-27 10-52']
['俺不中嘞！不中啊不中啊'],['https://www.bilibili.com/video/av114730656074427/'],['哔哩哔哩'],['2025-06-27 10-52']
['揽佬SKAI ISYOURGOD -《大展鸿图》ft.AR刘夫阳 Official Music Video'],['https://www.bilibili.com/video/av114738524587425/'],['哔哩哔哩'],['2025-06-27 10-52']
['炎炎夏日来一碗龟苓膏那真是太带劲了'],['https://www.bilibili.com/video/av114720891736158/'],['哔哩哔哩'],['2025-06-27 10-52']
['CNN泄露绝密文件：伊朗核设施根本没被摧毁'],['https://www.bilibili.com/video/av114743943629986/'],['哔哩哔哩'],['2025-06-27 10-52']
['紧急通知！6月28日起，无“3C”标识充电宝，禁止携带乘坐境内航班。'],['https://www.douyin.com/video/7520149962173336867'],['抖音'],['2025-06-27 10-52']
['河南开封高中代易瓒物理类高考成绩724分！数学满分！化学99分！物理98分！查出成绩后爸爸尖叫着和她抱在一起#河南dou知道'],['https://www.douyin.com/video/7519797282456325417'],['抖音'],['2025-06-27 10-52']
['在我剪辑的24小时之内，又亏500#玩的就是真实'],['https://www.douyin.com/video/7520145433386372362'],['抖音'],['2025-06-27 10-52']
['是how about you ！不是how are you ！#英语口语 #NPC #中式英语 #外国人说英语'],['https://www.douyin.com/video/7520189339625344271'],['抖音'],['2025-06-27 10-52']
['真是老师的好宝宝，不好意思打扰你展示厨子了！#校园 #班主任 #学生搞笑'],['https://www.douyin.com/video/7520165837342330170'],['抖音'],['2025-06-27 10-52']
['6月26日报道，黑龙江#哈尔滨高温大学生在楼道乘凉睡觉 ： 不动都一身汗，学校附近酒店都订满了。'],['https://www.douyin.com/video/7520121062886051123'],['抖音'],['2025-06-27 10-52']
['可可爱爱！萌娃景区拍照，一声令下孔雀小碎步立刻转身~ 网友：这就是川妹子的威慑力吗……@凡夫俗子'],['https://www.douyin.com/video/7519912958319758632'],['抖音'],['2025-06-27 10-52']
['“不管你考的分数好坏，妈妈现在还有个健康快乐的孩子”，孩子高考成绩只有288分，妈妈的一番话令人泪目。@兰姐来了'],['https://www.douyin.com/video/7519888882494623015'],['抖音'],['2025-06-27 10-52']
['山西蒲县疾控中心一职工 “1岁工作 22岁退休”，档案有14处涂改 仍层层过审“退休”，一边领取养老金累计69万元，一边在新单位拿工资#退休金 #养老金 #退休'],['https://www.douyin.com/video/7520202214955175231'],['抖音'],['2025-06-27 10-52']
['江西分数线，你到底要干嘛！#黄不溜秋 #江西高考 #高考生的精选 #毕业生的精选'],['https://www.douyin.com/video/7519822621513829671'],['抖音'],['2025-06-27 10-52']
['驱车2000公里来了趟敦煌 就为了拍这个镜头.\n#大西北 #氛围感'],['https://www.douyin.com/video/7519808870102813992'],['抖音'],['2025-06-27 10-52']
['中医：夏日降温“小妙招” 抱着冬瓜睡觉！ 夏日必备“床上冬瓜”#解暑 #空调'],['https://www.douyin.com/video/7519070417655532863'],['抖音'],['2025-06-27 10-52']
['陪伴是最长情的告白 #萌宠日常记录 #养宠人的治愈谁懂啊 #日常vlog #萌宠'],['https://www.douyin.com/video/7519847759895022906'],['抖音'],['2025-06-27 10-52']
['我估计商家把东西塞进去的时候，自己都要笑半天….#vlog日常 #美食 #雕雕吃吃吃 #内容太过真实 #好好吃饭大赛'],['https://www.douyin.com/video/7519826179118681403'],['抖音'],['2025-06-27 10-52']
['要姑娘还是要媳妇？ #萌娃搞笑日常 #骗你生女儿 #卷卷的毛'],['https://www.douyin.com/video/7519832705707822396'],['抖音'],['2025-06-27 10-52']
['这个选修课听得“脸红” #石河子大学 #葡萄酒课堂 #大学#沙地酒庄'],['https://www.douyin.com/video/7519427825900834048'],['抖音'],['2025-06-27 10-52']
['在做坏事的时候丝毫不感觉麻烦 #搞笑#日常'],['https://www.douyin.com/video/7519398929264938249'],['抖音'],['2025-06-27 10-52']
['68岁大爷全身重彩悔青肠子：亲友躲着走，身份证都办不了！这次专门来到重庆一家纹身清洗店，想要首先除掉自己脸上的刺青。据专业人员介绍，大爷光是去除面部刺青，就需要反复操作多个流程，并且要持续至少两年以上的时间。#媒体精选计划'],['https://www.douyin.com/video/7520207650676542774'],['抖音'],['2025-06-27 10-52']
['爷爷冲卡，超市送的风扇，太搞笑了吧😂嗯 #电风扇 #懵逼一脸 #哈哈 #万万想不到'],['https://www.douyin.com/video/7519111054372375846'],['抖音'],['2025-06-27 10-52']
['6月26日，账号停更两个多月，四川筠连#警方证实网红小四爷被带走 ：确有此事，案件由江苏警方办理，当地未参与。'],['https://www.douyin.com/video/7520191542419393807'],['抖音'],['2025-06-27 10-52']
['小米YU7价格香不香'],['http://tieba.baidu.com/hottopic/browse/hottopic?topic_id=28343073&topic_name=%E5%B0%8F%E7%B1%B3YU7%E4%BB%B7%E6%A0%BC%E9%A6%99%E4%B8%8D%E9%A6%99'],['百度贴吧'],['2025-06-27 10-52']
['孙权配音鹿喑kana销号退网'],['http://tieba.baidu.com/hottopic/browse/hottopic?topic_id=28343078&topic_name=%E5%AD%99%E6%9D%83%E9%85%8D%E9%9F%B3%E9%B9%BF%E5%96%91kana%E9%94%80%E5%8F%B7%E9%80%80%E7%BD%91'],['百度贴吧'],['2025-06-27 10-52']
['守望先锋：力量迸发！'],['http://tieba.baidu.com/hottopic/browse/hottopic?topic_id=28343077&topic_name=%E5%AE%88%E6%9C%9B%E5%85%88%E9%94%8B%EF%BC%9A%E5%8A%9B%E9%87%8F%E8%BF%B8%E5%8F%91%EF%BC%81'],['百度贴吧'],['2025-06-27 10-52']
['女友因为买小米汽车跟我大吵一架'],['http://tieba.baidu.com/hottopic/browse/hottopic?topic_id=28343074&topic_name=%E5%A5%B3%E5%8F%8B%E5%9B%A0%E4%B8%BA%E4%B9%B0%E5%B0%8F%E7%B1%B3%E6%B1%BD%E8%BD%A6%E8%B7%9F%E6%88%91%E5%A4%A7%E5%90%B5%E4%B8%80%E6%9E%B6'],['百度贴吧'],['2025-06-27 10-52']
['复读蛰伏一年只为打脸吧友'],['http://tieba.baidu.com/hottopic/browse/hottopic?topic_id=28343065&topic_name=%E5%A4%8D%E8%AF%BB%E8%9B%B0%E4%BC%8F%E4%B8%80%E5%B9%B4%E5%8F%AA%E4%B8%BA%E6%89%93%E8%84%B8%E5%90%A7%E5%8F%8B'],['百度贴吧'],['2025-06-27 10-52']
['曼城打爆尤文终结49年魔咒'],['http://tieba.baidu.com/hottopic/browse/hottopic?topic_id=28343079&topic_name=%E6%9B%BC%E5%9F%8E%E6%89%93%E7%88%86%E5%B0%A4%E6%96%87%E7%BB%88%E7%BB%9349%E5%B9%B4%E9%AD%94%E5%92%92'],['百度贴吧'],['2025-06-27 10-52']
['求鉴定！这高考分数是真的吗'],['http://tieba.baidu.com/hottopic/browse/hottopic?topic_id=28343061&topic_name=%E6%B1%82%E9%89%B4%E5%AE%9A%EF%BC%81%E8%BF%99%E9%AB%98%E8%80%83%E5%88%86%E6%95%B0%E6%98%AF%E7%9C%9F%E7%9A%84%E5%90%97'],['百度贴吧'],['2025-06-27 10-52']
['民办本科vs大专我该怎么选'],['http://tieba.baidu.com/hottopic/browse/hottopic?topic_id=28343071&topic_name=%E6%B0%91%E5%8A%9E%E6%9C%AC%E7%A7%91vs%E5%A4%A7%E4%B8%93%E6%88%91%E8%AF%A5%E6%80%8E%E4%B9%88%E9%80%89'],['百度贴吧'],['2025-06-27 10-52']
['还有什么充电宝可以用'],['http://tieba.baidu.com/hottopic/browse/hottopic?topic_id=28343075&topic_name=%E8%BF%98%E6%9C%89%E4%BB%80%E4%B9%88%E5%85%85%E7%94%B5%E5%AE%9D%E5%8F%AF%E4%BB%A5%E7%94%A8'],['百度贴吧'],['2025-06-27 10-52']
['好专业和好大学哪个更重要'],['http://tieba.baidu.com/hottopic/browse/hottopic?topic_id=28343048&topic_name=%E5%A5%BD%E4%B8%93%E4%B8%9A%E5%92%8C%E5%A5%BD%E5%A4%A7%E5%AD%A6%E5%93%AA%E4%B8%AA%E6%9B%B4%E9%87%8D%E8%A6%81'],['百度贴吧'],['2025-06-27 10-52']
['真人互动游戏用女童出镜做噱头'],['http://tieba.baidu.com/hottopic/browse/hottopic?topic_id=28343070&topic_name=%E7%9C%9F%E4%BA%BA%E4%BA%92%E5%8A%A8%E6%B8%B8%E6%88%8F%E7%94%A8%E5%A5%B3%E7%AB%A5%E5%87%BA%E9%95%9C%E5%81%9A%E5%99%B1%E5%A4%B4'],['百度贴吧'],['2025-06-27 10-52']
['西财女生开地图炮大骂四川人'],['http://tieba.baidu.com/hottopic/browse/hottopic?topic_id=28343069&topic_name=%E8%A5%BF%E8%B4%A2%E5%A5%B3%E7%94%9F%E5%BC%80%E5%9C%B0%E5%9B%BE%E7%82%AE%E5%A4%A7%E9%AA%82%E5%9B%9B%E5%B7%9D%E4%BA%BA'],['百度贴吧'],['2025-06-27 10-52']
['哈工程招生办老师爆了多少典'],['http://tieba.baidu.com/hottopic/browse/hottopic?topic_id=28343067&topic_name=%E5%93%88%E5%B7%A5%E7%A8%8B%E6%8B%9B%E7%94%9F%E5%8A%9E%E8%80%81%E5%B8%88%E7%88%86%E4%BA%86%E5%A4%9A%E5%B0%91%E5%85%B8'],['百度贴吧'],['2025-06-27 10-52']
['隐形守护者团队试水女频题材'],['http://tieba.baidu.com/hottopic/browse/hottopic?topic_id=28343072&topic_name=%E9%9A%90%E5%BD%A2%E5%AE%88%E6%8A%A4%E8%80%85%E5%9B%A2%E9%98%9F%E8%AF%95%E6%B0%B4%E5%A5%B3%E9%A2%91%E9%A2%98%E6%9D%90'],['百度贴吧'],['2025-06-27 10-52']
['杨瀚森首轮16顺位被开拓者选中'],['http://tieba.baidu.com/hottopic/browse/hottopic?topic_id=28343063&topic_name=%E6%9D%A8%E7%80%9A%E6%A3%AE%E9%A6%96%E8%BD%AE16%E9%A1%BA%E4%BD%8D%E8%A2%AB%E5%BC%80%E6%8B%93%E8%80%85%E9%80%89%E4%B8%AD'],['百度贴吧'],['2025-06-27 10-52']
['学长学姐高考在线直播等你连麦'],['http://tieba.baidu.com/hottopic/browse/hottopic?topic_id=28343050&topic_name=%E5%AD%A6%E9%95%BF%E5%AD%A6%E5%A7%90%E9%AB%98%E8%80%83%E5%9C%A8%E7%BA%BF%E7%9B%B4%E6%92%AD%E7%AD%89%E4%BD%A0%E8%BF%9E%E9%BA%A6'],['百度贴吧'],['2025-06-27 10-52']
['选秀第16顺位进NBA是啥概念'],['http://tieba.baidu.com/hottopic/browse/hottopic?topic_id=28343064&topic_name=%E9%80%89%E7%A7%80%E7%AC%AC16%E9%A1%BA%E4%BD%8D%E8%BF%9BNBA%E6%98%AF%E5%95%A5%E6%A6%82%E5%BF%B5'],['百度贴吧'],['2025-06-27 10-52']
['海贼王1153话全图曝光'],['http://tieba.baidu.com/hottopic/browse/hottopic?topic_id=28343068&topic_name=%E6%B5%B7%E8%B4%BC%E7%8E%8B1153%E8%AF%9D%E5%85%A8%E5%9B%BE%E6%9B%9D%E5%85%89'],['百度贴吧'],['2025-06-27 10-52']
['第一视角体验高考查分时刻'],['http://tieba.baidu.com/hottopic/browse/hottopic?topic_id=28343046&topic_name=%E7%AC%AC%E4%B8%80%E8%A7%86%E8%A7%92%E4%BD%93%E9%AA%8C%E9%AB%98%E8%80%83%E6%9F%A5%E5%88%86%E6%97%B6%E5%88%BB'],['百度贴吧'],['2025-06-27 10-52']
['我发大学专业 你来打分'],['http://tieba.baidu.com/hottopic/browse/hottopic?topic_id=28343037&topic_name=%E6%88%91%E5%8F%91%E5%A4%A7%E5%AD%A6%E4%B8%93%E4%B8%9A%20%E4%BD%A0%E6%9D%A5%E6%89%93%E5%88%86'],['百度贴吧'],['2025-06-27 10-52']
['开后宫就不能算纯爱了吗'],['http://tieba.baidu.com/hottopic/browse/hottopic?topic_id=28343054&topic_name=%E5%BC%80%E5%90%8E%E5%AE%AB%E5%B0%B1%E4%B8%8D%E8%83%BD%E7%AE%97%E7%BA%AF%E7%88%B1%E4%BA%86%E5%90%97'],['百度贴吧'],['2025-06-27 10-52']
['伊朗承认美空袭核设施造成损失'],['http://tieba.baidu.com/hottopic/browse/hottopic?topic_id=28343059&topic_name=%E4%BC%8A%E6%9C%97%E6%89%BF%E8%AE%A4%E7%BE%8E%E7%A9%BA%E8%A2%AD%E6%A0%B8%E8%AE%BE%E6%96%BD%E9%80%A0%E6%88%90%E6%8D%9F%E5%A4%B1'],['百度贴吧'],['2025-06-27 10-52']
['JDG老板替Scout还债三千多万'],['http://tieba.baidu.com/hottopic/browse/hottopic?topic_id=28343056&topic_name=JDG%E8%80%81%E6%9D%BF%E6%9B%BFScout%E8%BF%98%E5%80%BA%E4%B8%89%E5%8D%83%E5%A4%9A%E4%B8%87'],['百度贴吧'],['2025-06-27 10-52']
['GEN训练赛被AL打爆了'],['http://tieba.baidu.com/hottopic/browse/hottopic?topic_id=28343052&topic_name=GEN%E8%AE%AD%E7%BB%83%E8%B5%9B%E8%A2%ABAL%E6%89%93%E7%88%86%E4%BA%86'],['百度贴吧'],['2025-06-27 10-52']
['演员能不能别靠扮丑吹演技了'],['http://tieba.baidu.com/hottopic/browse/hottopic?topic_id=28343057&topic_name=%E6%BC%94%E5%91%98%E8%83%BD%E4%B8%8D%E8%83%BD%E5%88%AB%E9%9D%A0%E6%89%AE%E4%B8%91%E5%90%B9%E6%BC%94%E6%8A%80%E4%BA%86'],['百度贴吧'],['2025-06-27 10-52']
['歌手第七期歌单公布'],['http://tieba.baidu.com/hottopic/browse/hottopic?topic_id=28343060&topic_name=%E6%AD%8C%E6%89%8B%E7%AC%AC%E4%B8%83%E6%9C%9F%E6%AD%8C%E5%8D%95%E5%85%AC%E5%B8%83'],['百度贴吧'],['2025-06-27 10-52']
['一句话形容高达GQX'],['http://tieba.baidu.com/hottopic/browse/hottopic?topic_id=28343041&topic_name=%E4%B8%80%E5%8F%A5%E8%AF%9D%E5%BD%A2%E5%AE%B9%E9%AB%98%E8%BE%BEGQX'],['百度贴吧'],['2025-06-27 10-52']
['高考没考好要去复读吗'],['http://tieba.baidu.com/hottopic/browse/hottopic?topic_id=28343035&topic_name=%E9%AB%98%E8%80%83%E6%B2%A1%E8%80%83%E5%A5%BD%E8%A6%81%E5%8E%BB%E5%A4%8D%E8%AF%BB%E5%90%97'],['百度贴吧'],['2025-06-27 10-52']
['这部剧终于迎来了最终季'],['http://tieba.baidu.com/hottopic/browse/hottopic?topic_id=28343080&topic_name=%E8%BF%99%E9%83%A8%E5%89%A7%E7%BB%88%E4%BA%8E%E8%BF%8E%E6%9D%A5%E4%BA%86%E6%9C%80%E7%BB%88%E5%AD%A3'],['百度贴吧'],['2025-06-27 10-52']
['高中小情侣偏僻角落情欲难耐'],['http://tieba.baidu.com/hottopic/browse/hottopic?topic_id=28343053&topic_name=%E9%AB%98%E4%B8%AD%E5%B0%8F%E6%83%85%E4%BE%A3%E5%81%8F%E5%83%BB%E8%A7%92%E8%90%BD%E6%83%85%E6%AC%B2%E9%9A%BE%E8%80%90'],['百度贴吧'],['2025-06-27 10-52']
['罪人'],['https://movie.douban.com/subject/36742579/'],['豆瓣电影'],['2025-06-27 10-52']
['死神来了6：血脉诅咒'],['https://movie.douban.com/subject/30429388/'],['豆瓣电影'],['2025-06-27 10-52']
['铁血战士：杀戮之王'],['https://movie.douban.com/subject/37309928/'],['豆瓣电影'],['2025-06-27 10-52']
['雄狮少年2'],['https://movie.douban.com/subject/35883131/'],['豆瓣电影'],['2025-06-27 10-52']
['会计刺客2'],['https://movie.douban.com/subject/27077476/'],['豆瓣电影'],['2025-06-27 10-52']
['阳光照耀青春里'],['https://movie.douban.com/subject/35411283/'],['豆瓣电影'],['2025-06-27 10-52']
['物质主义者'],['https://movie.douban.com/subject/36453674/'],['豆瓣电影'],['2025-06-27 10-52']
['昨日青春'],['https://movie.douban.com/subject/36960439/'],['豆瓣电影'],['2025-06-27 10-52']
['丑陋的继姐'],['https://movie.douban.com/subject/36471252/'],['豆瓣电影'],['2025-06-27 10-52']
['谍网追凶'],['https://movie.douban.com/subject/36251574/'],['豆瓣电影'],['2025-06-27 10-52']
['长安的荔枝（同名影视原著）'],['https://weread.qq.com/web/search/books?author=%E9%A9%AC%E4%BC%AF%E5%BA%B8&bookid=3300003224'],['微信读书'],['2025-06-27 10-52']
['三体全集（全三册）'],['https://weread.qq.com/web/search/books?author=%E5%88%98%E6%85%88%E6%AC%A3&bookid=695233'],['微信读书'],['2025-06-27 10-52']
['明朝那些事儿（全集）'],['https://weread.qq.com/web/search/books?author=%E5%BD%93%E5%B9%B4%E6%98%8E%E6%9C%88&bookid=822995'],['微信读书'],['2025-06-27 10-52']
['活着'],['https://weread.qq.com/web/search/books?author=%E4%BD%99%E5%8D%8E&bookid=834464'],['微信读书'],['2025-06-27 10-52']
['平凡的世界（全三册）'],['https://weread.qq.com/web/search/books?author=%E8%B7%AF%E9%81%A5&bookid=24965201'],['微信读书'],['2025-06-27 10-52']
['追风筝的人（珍藏纪念版）'],['https://weread.qq.com/web/search/books?author=%E5%8D%A1%E5%8B%92%E5%BE%B7%C2%B7%E8%83%A1%E8%B5%9B%E5%B0%BC&bookid=546339'],['微信读书'],['2025-06-27 10-52']
['南京大屠杀'],['https://weread.qq.com/web/search/books?author=%E5%BC%A0%E7%BA%AF%E5%A6%82&bookid=718151'],['微信读书'],['2025-06-27 10-52']
['杀死一只知更鸟（同名电影原著）'],['https://weread.qq.com/web/search/books?author=%E5%93%88%E7%8F%80%C2%B7%E6%9D%8E&bookid=853116'],['微信读书'],['2025-06-27 10-52']
['太白金星有点烦'],['https://weread.qq.com/web/search/books?author=%E9%A9%AC%E4%BC%AF%E5%BA%B8&bookid=3300072295'],['微信读书'],['2025-06-27 10-52']
['白鹿原'],['https://weread.qq.com/web/search/books?author=%E9%99%88%E5%BF%A0%E5%AE%9E&bookid=812443'],['微信读书'],['2025-06-27 10-52']
['一个叫欧维的男人决定去死（同名电影原著）'],['https://weread.qq.com/web/search/books?author=%E5%BC%97%E9%9B%B7%E5%BE%B7%E9%87%8C%E5%85%8B%C2%B7%E5%B7%B4%E5%85%8B%E6%9B%BC&bookid=814146'],['微信读书'],['2025-06-27 10-52']
['白夜行'],['https://weread.qq.com/web/search/books?author=%E4%B8%9C%E9%87%8E%E5%9C%AD%E5%90%BE&bookid=230107'],['微信读书'],['2025-06-27 10-52']
['我们仨'],['https://weread.qq.com/web/search/books?author=%E6%9D%A8%E7%BB%9B&bookid=858626'],['微信读书'],['2025-06-27 10-52']
['置身事内：中国政府与经济发展'],['https://weread.qq.com/web/search/books?author=%E5%85%B0%E5%B0%8F%E6%AC%A2&bookid=40055543'],['微信读书'],['2025-06-27 10-52']
['小王子'],['https://weread.qq.com/web/search/books?author=%5B%E6%B3%95%5D%E5%AE%89%E6%89%98%E4%B8%87%C2%B7%E5%BE%B7%C2%B7%E5%9C%A3%E5%9F%83%E5%85%8B%E8%8B%8F%E4%BD%A9%E9%87%8C%E8%91%97&bookid=216212'],['微信读书'],['2025-06-27 10-52']
['认知觉醒：开启自我改变的原动力'],['https://weread.qq.com/web/search/books?author=%E5%91%A8%E5%B2%AD&bookid=33628204'],['微信读书'],['2025-06-27 10-52']
['我与地坛'],['https://weread.qq.com/web/search/books?author=%E5%8F%B2%E9%93%81%E7%94%9F&bookid=674044'],['微信读书'],['2025-06-27 10-52']
['绝叫（同名日剧原著）'],['https://weread.qq.com/web/search/books?author=%E5%8F%B6%E7%9C%9F%E4%B8%AD%E6%98%BE&bookid=33483909'],['微信读书'],['2025-06-27 10-52']
['蛤蟆先生去看心理医生'],['https://weread.qq.com/web/search/books?author=%E7%BD%97%E4%BC%AF%E7%89%B9%C2%B7%E6%88%B4%E5%8D%9A%E5%BE%B7&bookid=35551088'],['微信读书'],['2025-06-27 10-52']
['献给阿尔吉侬的花束'],['https://weread.qq.com/web/search/books?author=%E4%B8%B9%E5%B0%BC%E5%B0%94%C2%B7%E5%87%AF%E6%96%AF&bookid=857863'],['微信读书'],['2025-06-27 10-52']
